countryId,yearId,deathCauseId,count
1,41,1,3169
1,41,2,25633
1,41,3,1045
1,41,4,7077
1,41,5,356
1,41,6,3185
1,41,7,3702
1,41,8,4794
1,41,9,16135
1,41,10,19546
1,41,11,351
1,41,12,2319
1,41,13,34372
1,41,14,3679
1,41,15,2637
1,41,16,5174
1,41,17,11449
1,41,18,37231
1,41,19,9518
1,41,20,2798
1,41,21,4825
1,41,22,174
1,41,23,389
1,41,24,2016
1,41,25,7686
1,41,26,107
1,41,27,2216
1,41,28,564
2,41,1,1017
2,41,2,4280
2,41,3,1561
2,41,4,741
2,41,5,289
2,41,6,344
2,41,7,53
2,41,8,902
2,41,9,731
2,41,10,840
2,41,11,47
2,41,12,309
2,41,13,1978
2,41,14,186
2,41,15,117
2,41,16,2752
2,41,17,868
2,41,18,2965
2,41,19,1417
2,41,20,31
2,41,21,67
2,41,22,64
2,41,23,44
2,41,24,29
2,41,25,390
2,41,26,2
2,41,27,171
2,41,28,4
3,41,1,11189
3,41,2,32361
3,41,3,1159
3,41,4,8051
3,41,5,496
3,41,6,2847
3,41,7,1851
3,41,8,5060
3,41,9,14803
3,41,10,6791
3,41,11,516
3,41,12,3968
3,41,13,3086
3,41,14,2513
3,41,15,3805
3,41,16,13780
3,41,17,11690
3,41,18,14223
3,41,19,14353
3,41,20,1233
3,41,21,822
3,41,22,296
3,41,23,742
3,41,24,238
3,41,25,1622
3,41,26,125
3,41,27,1464
3,41,28,284
4,41,1,4
4,41,2,38
4,41,3,2
4,41,4,7
4,41,5,3
4,41,6,4
4,41,7,2
4,41,8,8
4,41,9,9
4,41,10,5
4,41,11,1
4,41,12,0
4,41,13,11
4,41,14,4
4,41,15,4
4,41,16,34
4,41,17,43
4,41,18,15
4,41,19,44
4,41,20,1
4,41,21,1
4,41,22,1
4,41,23,1
4,41,24,0
4,41,25,0
4,41,26,0
4,41,27,0
4,41,28,0
5,41,1,10
5,41,2,39
5,41,3,3
5,41,4,9
5,41,5,22
5,41,6,2
5,41,7,0
5,41,8,5
5,41,9,1
5,41,10,0
5,41,11,3
5,41,12,1
5,41,13,0
5,41,14,1
5,41,15,4
5,41,16,60
5,41,17,14
5,41,18,10
5,41,19,22
5,41,20,0
5,41,21,0
5,41,22,2
5,41,23,3
5,41,24,0
5,41,25,0
5,41,26,0
5,41,27,0
5,41,28,0
6,41,1,1359
6,41,2,7764
6,41,3,499
6,41,4,904
6,41,5,3177
6,41,6,1006
6,41,7,31350
6,41,8,1549
6,41,9,16517
6,41,10,42373
6,41,11,876
6,41,12,419
6,41,13,19242
6,41,14,854
6,41,15,249
6,41,16,4507
6,41,17,3930
6,41,18,20506
6,41,19,1158
6,41,20,22756
6,41,21,16208
6,41,22,56
6,41,23,292
6,41,24,3459
6,41,25,10158
6,41,26,488
6,41,27,6965
6,41,28,368
7,41,1,23
7,41,2,97
7,41,3,9
7,41,4,23
7,41,5,11
7,41,6,5
7,41,7,2
7,41,8,6
7,41,9,9
7,41,10,4
7,41,11,9
7,41,12,5
7,41,13,3
7,41,14,8
7,41,15,12
7,41,16,24
7,41,17,83
7,41,18,26
7,41,19,39
7,41,20,1
7,41,21,3
7,41,22,1
7,41,23,1
7,41,24,0
7,41,25,0
7,41,26,0
7,41,27,0
7,41,28,0
8,41,1,11615
8,41,2,42440
8,41,3,6717
8,41,4,12837
8,41,5,18840
8,41,6,4172
8,41,7,827
8,41,8,7223
8,41,9,7612
8,41,10,2470
8,41,11,2353
8,41,12,5851
8,41,13,3964
8,41,14,4459
8,41,15,778
8,41,16,46415
8,41,17,23040
8,41,18,15552
8,41,19,22271
8,41,20,487
8,41,21,827
8,41,22,1605
8,41,23,1161
8,41,24,19
8,41,25,137
8,41,26,30
8,41,27,334
8,41,28,61
9,41,1,2247
9,41,2,5840
9,41,3,1182
9,41,4,1877
9,41,5,470
9,41,6,500
9,41,7,182
9,41,8,1065
9,41,9,1090
9,41,10,692
9,41,11,162
9,41,12,973
9,41,13,941
9,41,14,86
9,41,15,328
9,41,16,4243
9,41,17,1945
9,41,18,3164
9,41,19,2157
9,41,20,190
9,41,21,106
9,41,22,21
9,41,23,93
9,41,24,1
9,41,25,110
9,41,26,20
9,41,27,210
9,41,28,5
10,41,1,2415
10,41,2,29057
10,41,3,1189
10,41,4,5443
10,41,5,6051
10,41,6,2689
10,41,7,8
10,41,8,2068
10,41,9,747
10,41,10,78
10,41,11,710
10,41,12,1128
10,41,13,143
10,41,14,1970
10,41,15,3350
10,41,16,24759
10,41,17,9272
10,41,18,2555
10,41,19,12439
10,41,20,4
10,41,21,43
10,41,22,1164
10,41,23,669
10,41,24,0
10,41,25,3
10,41,26,0
10,41,27,7
10,41,28,2
11,41,1,5382
11,41,2,20645
11,41,3,2409
11,41,4,3414
11,41,5,5354
11,41,6,1117
11,41,7,1
11,41,8,1202
11,41,9,255
11,41,10,14
11,41,11,485
11,41,12,844
11,41,13,52
11,41,14,1413
11,41,15,2240
11,41,16,12730
11,41,17,6000
11,41,18,5410
11,41,19,7055
11,41,20,0
11,41,21,15
11,41,22,408
11,41,23,810
11,41,24,0
11,41,25,1
11,41,26,0
11,41,27,3
11,41,28,1
12,41,1,3858
12,41,2,13008
12,41,3,2623
12,41,4,3818
12,41,5,2481
12,41,6,1099
12,41,7,1090
12,41,8,3132
12,41,9,3747
12,41,10,5020
12,41,11,246
12,41,12,1300
12,41,13,4140
12,41,14,509
12,41,15,584
12,41,16,6927
12,41,17,3059
12,41,18,7968
12,41,19,5616
12,41,20,901
12,41,21,758
12,41,22,101
12,41,23,107
12,41,24,11
12,41,25,889
12,41,26,83
12,41,27,1518
12,41,28,14
13,41,1,60
13,41,2,273
13,41,3,24
13,41,4,48
13,41,5,103
13,41,6,21
13,41,7,5
13,41,8,20
13,41,9,45
13,41,10,13
13,41,11,62
13,41,12,20
13,41,13,8
13,41,14,9
13,41,15,28
13,41,16,93
13,41,17,174
13,41,18,68
13,41,19,187
13,41,20,2
13,41,21,5
13,41,22,4
13,41,23,6
13,41,24,0
13,41,25,1
13,41,26,0
13,41,27,2
13,41,28,0
14,41,1,297
14,41,2,425
14,41,3,17
14,41,4,143
14,41,5,49
14,41,6,17
14,41,7,4
14,41,8,64
14,41,9,126
14,41,10,13
14,41,11,5
14,41,12,27
14,41,13,26
14,41,14,14
14,41,15,74
14,41,16,311
14,41,17,360
14,41,18,321
14,41,19,338
14,41,20,2
14,41,21,3
14,41,22,6
14,41,23,8
14,41,24,0
14,41,25,2
14,41,26,0
14,41,27,2
14,41,28,1
15,41,1,24412
15,41,2,66413
15,41,3,6171
15,41,4,6422
15,41,5,5977
15,41,6,15150
15,41,7,99476
15,41,8,21848
15,41,9,161413
15,41,10,172092
15,41,11,3767
15,41,12,5582
15,41,13,168188
15,41,14,11352
15,41,15,3449
15,41,16,87248
15,41,17,33144
15,41,18,189795
15,41,19,6523
15,41,20,75019
15,41,21,54756
15,41,22,717
15,41,23,986
15,41,24,4726
15,41,25,34218
15,41,26,771
15,41,27,18651
15,41,28,4285
16,41,1,151
16,41,2,433
16,41,3,26
16,41,4,89
16,41,5,69
16,41,6,66
16,41,7,6
16,41,8,27
16,41,9,37
16,41,10,11
16,41,11,56
16,41,12,3
16,41,13,1
16,41,14,38
16,41,15,90
16,41,16,135
16,41,17,467
16,41,18,152
16,41,19,288
16,41,20,3
16,41,21,8
16,41,22,3
16,41,23,8
16,41,24,0
16,41,25,0
16,41,26,0
16,41,27,1
16,41,28,0
17,41,1,10840
17,41,2,34573
17,41,3,2224
17,41,4,10480
17,41,5,6194
17,41,6,3608
17,41,7,36
17,41,8,2464
17,41,9,588
17,41,10,208
17,41,11,712
17,41,12,4270
17,41,13,924
17,41,14,2003
17,41,15,2278
17,41,16,20601
17,41,17,7884
17,41,18,11708
17,41,19,12712
17,41,20,26
17,41,21,58
17,41,22,370
17,41,23,341
17,41,24,0
17,41,25,16
17,41,26,3
17,41,27,64
17,41,28,5
18,41,1,7195
18,41,2,19156
18,41,3,2679
18,41,4,4461
18,41,5,6520
18,41,6,2105
18,41,7,7
18,41,8,1900
18,41,9,353
18,41,10,60
18,41,11,493
18,41,12,957
18,41,13,45
18,41,14,1165
18,41,15,2821
18,41,16,23940
18,41,17,8130
18,41,18,7212
18,41,19,7691
18,41,20,6
18,41,21,38
18,41,22,430
18,41,23,886
18,41,24,0
18,41,25,1
18,41,26,0
18,41,27,3
18,41,28,1
19,41,1,29
19,41,2,124
19,41,3,12
19,41,4,25
19,41,5,31
19,41,6,1
19,41,7,23
19,41,8,11
19,41,9,79
19,41,10,45
19,41,11,28
19,41,12,1
19,41,13,55
19,41,14,14
19,41,15,17
19,41,16,56
19,41,17,84
19,41,18,83
19,41,19,66
19,41,20,15
19,41,21,12
19,41,22,1
19,41,23,3
19,41,24,0
19,41,25,5
19,41,26,1
19,41,27,9
19,41,28,0
20,41,1,786
20,41,2,3330
20,41,3,380
20,41,4,418
20,41,5,890
20,41,6,463
20,41,7,6530
20,41,8,512
20,41,9,7826
20,41,10,12875
20,41,11,295
20,41,12,55
20,41,13,9170
20,41,14,300
20,41,15,131
20,41,16,1516
20,41,17,1545
20,41,18,9927
20,41,19,976
20,41,20,4983
20,41,21,4516
20,41,22,8
20,41,23,151
20,41,24,1361
20,41,25,3208
20,41,26,64
20,41,27,1477
20,41,28,240
21,41,1,16
21,41,2,110
21,41,3,11
21,41,4,28
21,41,5,25
21,41,6,6
21,41,7,1
21,41,8,9
21,41,9,4
21,41,10,1
21,41,11,15
21,41,12,3
21,41,13,6
21,41,14,5
21,41,15,18
21,41,16,58
21,41,17,61
21,41,18,22
21,41,19,70
21,41,20,0
21,41,21,1
21,41,22,1
21,41,23,2
21,41,24,0
21,41,25,0
21,41,26,0
21,41,27,0
21,41,28,0
22,41,1,80
22,41,2,293
22,41,3,26
22,41,4,44
22,41,5,123
22,41,6,47
22,41,7,319
22,41,8,60
22,41,9,958
22,41,10,435
22,41,11,24
22,41,12,29
22,41,13,770
22,41,14,39
22,41,15,20
22,41,16,209
22,41,17,128
22,41,18,833
22,41,19,74
22,41,20,245
22,41,21,155
22,41,22,10
22,41,23,13
22,41,24,44
22,41,25,166
22,41,26,1
22,41,27,65
22,41,28,22
23,41,1,3004
23,41,2,3517
23,41,3,711
23,41,4,800
23,41,5,2060
23,41,6,399
23,41,7,2144
23,41,8,608
23,41,9,5427
23,41,10,6582
23,41,11,780
23,41,12,69
23,41,13,5068
23,41,14,492
23,41,15,179
23,41,16,2979
23,41,17,2894
23,41,18,8055
23,41,19,2602
23,41,20,1187
23,41,21,1677
23,41,22,73
23,41,23,215
23,41,24,58
23,41,25,1527
23,41,26,68
23,41,27,908
23,41,28,157
24,41,1,2106
24,41,2,8494
24,41,3,3063
24,41,4,1459
24,41,5,1345
24,41,6,891
24,41,7,14
24,41,8,870
24,41,9,603
24,41,10,27
24,41,11,155
24,41,12,821
24,41,13,3117
24,41,14,409
24,41,15,331
24,41,16,6205
24,41,17,2867
24,41,18,5179
24,41,19,3100
24,41,20,9
24,41,21,11
24,41,22,129
24,41,23,109
24,41,24,1
24,41,25,5
24,41,26,1
24,41,27,11
24,41,28,2
25,41,1,242
25,41,2,1081
25,41,3,90
25,41,4,118
25,41,5,548
25,41,6,183
25,41,7,853
25,41,8,217
25,41,9,755
25,41,10,660
25,41,11,996
25,41,12,75
25,41,13,1047
25,41,14,111
25,41,15,50
25,41,16,924
25,41,17,647
25,41,18,1283
25,41,19,442
25,41,20,621
25,41,21,491
25,41,22,46
25,41,23,24
25,41,24,49
25,41,25,140
25,41,26,10
25,41,27,119
25,41,28,13
26,41,1,30767
26,41,2,153206
26,41,3,21830
26,41,4,23478
26,41,5,44844
26,41,6,12232
26,41,7,33061
26,41,8,27352
26,41,9,69844
26,41,10,60631
26,41,11,12475
26,41,12,2465
26,41,13,56085
26,41,14,16411
26,41,15,22644
26,41,16,150020
26,41,17,87644
26,41,18,86653
26,41,19,74266
26,41,20,22059
26,41,21,16128
26,41,22,3079
26,41,23,4921
26,41,24,1590
26,41,25,6258
26,41,26,2755
26,41,27,18656
26,41,28,753
27,41,1,26
27,41,2,198
27,41,3,49
27,41,4,32
27,41,5,18
27,41,6,26
27,41,7,0
27,41,8,25
27,41,9,21
27,41,10,3
27,41,11,11
27,41,12,2
27,41,13,11
27,41,14,17
27,41,15,17
27,41,16,204
27,41,17,217
27,41,18,37
27,41,19,58
27,41,20,0
27,41,21,1
27,41,22,7
27,41,23,6
27,41,24,0
27,41,25,0
27,41,26,0
27,41,27,0
27,41,28,1
28,41,1,12301
28,41,2,40699
28,41,3,16063
28,41,4,8115
28,41,5,7217
28,41,6,2703
28,41,7,21
28,41,8,4263
28,41,9,473
28,41,10,280
28,41,11,474
28,41,12,2903
28,41,13,4488
28,41,14,1003
28,41,15,1730
28,41,16,26511
28,41,17,12670
28,41,18,16707
28,41,19,20346
28,41,20,2
28,41,21,63
28,41,22,388
28,41,23,334
28,41,24,1
28,41,25,40
28,41,26,2
28,41,27,61
28,41,28,5
29,41,1,1131
29,41,2,5371
29,41,3,517
29,41,4,785
29,41,5,3355
29,41,6,951
29,41,7,20729
29,41,8,1182
29,41,9,14520
29,41,10,31454
29,41,11,9935
29,41,12,160
29,41,13,18726
29,41,14,613
29,41,15,120
29,41,16,1932
29,41,17,3044
29,41,18,19825
29,41,19,1082
29,41,20,15780
29,41,21,11899
29,41,22,352
29,41,23,366
29,41,24,3399
29,41,25,7606
29,41,26,276
29,41,27,4509
29,41,28,270
30,41,1,701
30,41,2,4705
30,41,3,1201
30,41,4,582
30,41,5,5984
30,41,6,335
30,41,7,7833
30,41,8,462
30,41,9,7144
30,41,10,12918
30,41,11,5126
30,41,12,304
30,41,13,10649
30,41,14,628
30,41,15,67
30,41,16,3566
30,41,17,2547
30,41,18,11320
30,41,19,989
30,41,20,5887
30,41,21,4955
30,41,22,63
30,41,23,183
30,41,24,792
30,41,25,3299
30,41,26,67
30,41,27,649
30,41,28,257
31,41,1,1555
31,41,2,7398
31,41,3,2381
31,41,4,619
31,41,5,1610
31,41,6,1383
31,41,7,6256
31,41,8,3964
31,41,9,12664
31,41,10,20655
31,41,11,448
31,41,12,423
31,41,13,21469
31,41,14,982
31,41,15,225
31,41,16,8999
31,41,17,3601
31,41,18,23010
31,41,19,1090
31,41,20,4956
31,41,21,4990
31,41,22,206
31,41,23,330
31,41,24,870
31,41,25,5419
31,41,26,75
31,41,27,3022
31,41,28,375
32,41,1,2730
32,41,2,5623
32,41,3,573
32,41,4,696
32,41,5,3719
32,41,6,356
32,41,7,17826
32,41,8,880
32,41,9,10635
32,41,10,18732
32,41,11,1525
32,41,12,13
32,41,13,10587
32,41,14,542
32,41,15,263
32,41,16,2702
32,41,17,3359
32,41,18,13256
32,41,19,3756
32,41,20,12955
32,41,21,9091
32,41,22,34
32,41,23,348
32,41,24,3274
32,41,25,5595
32,41,26,330
32,41,27,3889
32,41,28,347
33,41,1,6205
33,41,2,39690
33,41,3,3982
33,41,4,9065
33,41,5,7800
33,41,6,3315
33,41,7,8
33,41,8,3846
33,41,9,1061
33,41,10,190
33,41,11,1158
33,41,12,369
33,41,13,90
33,41,14,2301
33,41,15,3990
33,41,16,50590
33,41,17,14050
33,41,18,6277
33,41,19,17631
33,41,20,7
33,41,21,71
33,41,22,1821
33,41,23,1463
33,41,24,0
33,41,25,2
33,41,26,0
33,41,27,10
33,41,28,2
34,41,1,64
34,41,2,323
34,41,3,30
34,41,4,43
34,41,5,80
34,41,6,41
34,41,7,254
34,41,8,25
34,41,9,177
34,41,10,256
34,41,11,45
34,41,12,8
34,41,13,298
34,41,14,35
34,41,15,14
34,41,16,116
34,41,17,124
34,41,18,361
34,41,19,74
34,41,20,189
34,41,21,138
34,41,22,1
34,41,23,9
34,41,24,21
34,41,25,43
34,41,26,5
34,41,27,59
34,41,28,3
35,41,1,510
35,41,2,2930
35,41,3,182
35,41,4,315
35,41,5,1843
35,41,6,332
35,41,7,6365
35,41,8,325
35,41,9,4290
35,41,10,7197
35,41,11,1647
35,41,12,6
35,41,13,5848
35,41,14,340
35,41,15,95
35,41,16,1522
35,41,17,1502
35,41,18,6304
35,41,19,546
35,41,20,4754
35,41,21,3357
35,41,22,44
35,41,23,112
35,41,24,696
35,41,25,1622
35,41,26,68
35,41,27,1596
35,41,28,143
36,41,1,845
36,41,2,4101
36,41,3,384
36,41,4,792
36,41,5,948
36,41,6,637
36,41,7,15407
36,41,8,789
36,41,9,8844
36,41,10,26270
36,41,11,906
36,41,12,150
36,41,13,13472
36,41,14,508
36,41,15,127
36,41,16,1810
36,41,17,1874
36,41,18,14265
36,41,19,611
36,41,20,11719
36,41,21,8508
36,41,22,25
36,41,23,182
36,41,24,2749
36,41,25,5532
36,41,26,229
36,41,27,3716
36,41,28,317
37,41,1,3776
37,41,2,13813
37,41,3,2060
37,41,4,2717
37,41,5,7029
37,41,6,1342
37,41,7,222
37,41,8,2250
37,41,9,1554
37,41,10,613
37,41,11,1123
37,41,12,1048
37,41,13,2030
37,41,14,798
37,41,15,585
37,41,16,9379
37,41,17,5915
37,41,18,5789
37,41,19,6768
37,41,20,166
37,41,21,252
37,41,22,1042
37,41,23,412
37,41,24,2
37,41,25,44
37,41,26,6
37,41,27,106
37,41,28,18
38,41,1,626744
38,41,2,1222195
38,41,3,554484
38,41,4,134126
38,41,5,357337
38,41,6,207316
38,41,7,75817
38,41,8,403207
38,41,9,253303
38,41,10,314550
38,41,11,28924
38,41,12,52811
38,41,13,1329829
38,41,14,86522
38,41,15,46082
38,41,16,1531775
38,41,17,450809
38,41,18,1895767
38,41,19,234998
38,41,20,59594
38,41,21,69012
38,41,22,88100
38,41,23,32002
38,41,24,3904
38,41,25,67884
38,41,26,2949
38,41,27,62528
38,41,28,3323
39,41,1,7047
39,41,2,21783
39,41,3,5989
39,41,4,3988
39,41,5,8072
39,41,6,1779
39,41,7,3265
39,41,8,2286
39,41,9,10503
39,41,10,5937
39,41,11,2085
39,41,12,1407
39,41,13,8161
39,41,14,2146
39,41,15,945
39,41,16,15278
39,41,17,15852
39,41,18,15177
39,41,19,10534
39,41,20,1679
39,41,21,1311
39,41,22,271
39,41,23,823
39,41,24,51
39,41,25,650
39,41,26,193
39,41,27,1526
39,41,28,111
40,41,1,39
40,41,2,394
40,41,3,94
40,41,4,40
40,41,5,33
40,41,6,23
40,41,7,504
40,41,8,67
40,41,9,747
40,41,10,804
40,41,11,35
40,41,12,8
40,41,13,805
40,41,14,47
40,41,15,4
40,41,16,196
40,41,17,175
40,41,18,844
40,41,19,120
40,41,20,380
40,41,21,348
40,41,22,2
40,41,23,15
40,41,24,52
40,41,25,182
40,41,26,9
40,41,27,152
40,41,28,10
41,41,1,537
41,41,2,2856
41,41,3,175
41,41,4,294
41,41,5,1204
41,41,6,300
41,41,7,3028
41,41,8,200
41,41,9,1964
41,41,10,2679
41,41,11,2481
41,41,12,5
41,41,13,2816
41,41,14,301
41,41,15,117
41,41,16,1020
41,41,17,1427
41,41,18,3347
41,41,19,1073
41,41,20,2255
41,41,21,1582
41,41,22,70
41,41,23,89
41,41,24,284
41,41,25,417
41,41,26,79
41,41,27,593
41,41,28,83
42,41,1,2
42,41,2,25
42,41,3,5
42,41,4,4
42,41,5,2
42,41,6,2
42,41,7,0
42,41,8,6
42,41,9,3
42,41,10,2
42,41,11,0
42,41,12,0
42,41,13,3
42,41,14,2
42,41,15,2
42,41,16,18
42,41,17,25
42,41,18,5
42,41,19,27
42,41,20,0
42,41,21,0
42,41,22,1
42,41,23,1
42,41,24,0
42,41,25,0
42,41,26,0
42,41,27,0
42,41,28,0
43,41,1,374
43,41,2,2168
43,41,3,346
43,41,4,399
43,41,5,515
43,41,6,101
43,41,7,89
43,41,8,214
43,41,9,484
43,41,10,152
43,41,11,193
43,41,12,183
43,41,13,466
43,41,14,234
43,41,15,56
43,41,16,1328
43,41,17,1300
43,41,18,837
43,41,19,925
43,41,20,42
43,41,21,61
43,41,22,28
43,41,23,111
43,41,24,1
43,41,25,13
43,41,26,4
43,41,27,34
43,41,28,3
44,41,1,2427
44,41,2,6656
44,41,3,658
44,41,4,907
44,41,5,3286
44,41,6,506
44,41,7,10439
44,41,8,1620
44,41,9,18719
44,41,10,18792
44,41,11,7483
44,41,12,25
44,41,13,16674
44,41,14,620
44,41,15,231
44,41,16,3164
44,41,17,2760
44,41,18,19082
44,41,19,2466
44,41,20,7590
44,41,21,7592
44,41,22,254
44,41,23,247
44,41,24,1778
44,41,25,4056
44,41,26,128
44,41,27,3752
44,41,28,449
45,41,1,4682
45,41,2,17153
45,41,3,6123
45,41,4,2968
45,41,5,4141
45,41,6,1223
45,41,7,7
45,41,8,2040
45,41,9,238
45,41,10,19
45,41,11,260
45,41,12,1378
45,41,13,926
45,41,14,797
45,41,15,807
45,41,16,13012
45,41,17,6322
45,41,18,5587
45,41,19,6962
45,41,20,2
45,41,21,11
45,41,22,80
45,41,23,419
45,41,24,0
45,41,25,3
45,41,26,0
45,41,27,5
45,41,28,1
46,41,1,4685
46,41,2,13971
46,41,3,1429
46,41,4,3768
46,41,5,2149
46,41,6,1260
46,41,7,386
46,41,8,2041
46,41,9,721
46,41,10,196
46,41,11,619
46,41,12,1170
46,41,13,753
46,41,14,1476
46,41,15,2281
46,41,16,14466
46,41,17,10476
46,41,18,5432
46,41,19,6927
46,41,20,204
46,41,21,334
46,41,22,93
46,41,23,819
46,41,24,1
46,41,25,14
46,41,26,7
46,41,27,63
46,41,28,14
47,41,1,403
47,41,2,1438
47,41,3,109
47,41,4,322
47,41,5,199
47,41,6,58
47,41,7,1
47,41,8,138
47,41,9,87
47,41,10,6
47,41,11,18
47,41,12,14
47,41,13,10
47,41,14,83
47,41,15,145
47,41,16,993
47,41,17,1268
47,41,18,409
47,41,19,500
47,41,20,1
47,41,21,2
47,41,22,11
47,41,23,55
47,41,24,0
47,41,25,0
47,41,26,0
47,41,27,1
47,41,28,0
48,41,1,13200
48,41,2,38191
48,41,3,15332
48,41,4,6638
48,41,5,7475
48,41,6,3445
48,41,7,7
48,41,8,3427
48,41,9,590
48,41,10,45
48,41,11,648
48,41,12,3212
48,41,13,459
48,41,14,2749
48,41,15,2655
48,41,16,29123
48,41,17,22905
48,41,18,13622
48,41,19,18237
48,41,20,1
48,41,21,25
48,41,22,441
48,41,23,1799
48,41,24,0
48,41,25,3
48,41,26,0
48,41,27,10
48,41,28,2
49,41,1,5825
49,41,2,30695
49,41,3,1342
49,41,4,2632
49,41,5,11042
49,41,6,2522
49,41,7,31698
49,41,8,2058
49,41,9,39306
49,41,10,68088
49,41,11,16441
49,41,12,47
49,41,13,58298
49,41,14,3212
49,41,15,1085
49,41,16,11791
49,41,17,14593
49,41,18,63860
49,41,19,11154
49,41,20,23588
49,41,21,25522
49,41,22,488
49,41,23,1149
49,41,24,5207
49,41,25,15327
49,41,26,340
49,41,27,9368
49,41,28,1757
50,41,1,3766
50,41,2,16437
50,41,3,1153
50,41,4,2818
50,41,5,3259
50,41,6,1439
50,41,7,4
50,41,8,1418
50,41,9,141
50,41,10,14
50,41,11,359
50,41,12,1278
50,41,13,14
50,41,14,1121
50,41,15,1585
50,41,16,17462
50,41,17,3910
50,41,18,3769
50,41,19,4488
50,41,20,3
50,41,21,20
50,41,22,326
50,41,23,824
50,41,24,0
50,41,25,0
50,41,26,0
50,41,27,2
50,41,28,0
51,41,1,72
51,41,2,191
51,41,3,46
51,41,4,25
51,41,5,56
51,41,6,38
51,41,7,546
51,41,8,55
51,41,9,501
51,41,10,1081
51,41,11,25
51,41,12,14
51,41,13,371
51,41,14,21
51,41,15,2
51,41,16,142
51,41,17,87
51,41,18,443
51,41,19,36
51,41,20,407
51,41,21,312
51,41,22,2
51,41,23,6
51,41,24,58
51,41,25,168
51,41,26,15
51,41,27,157
51,41,28,17
52,41,1,24
52,41,2,150
52,41,3,15
52,41,4,32
52,41,5,27
52,41,6,1
52,41,7,3
52,41,8,8
52,41,9,14
52,41,10,6
52,41,11,13
52,41,12,2
52,41,13,37
52,41,14,8
52,41,15,18
52,41,16,46
52,41,17,123
52,41,18,61
52,41,19,82
52,41,20,2
52,41,21,4
52,41,22,1
52,41,23,2
52,41,24,0
52,41,25,0
52,41,26,0
52,41,27,1
52,41,28,0
53,41,1,715
53,41,2,4489
53,41,3,417
53,41,4,865
53,41,5,1665
53,41,6,165
53,41,7,2577
53,41,8,485
53,41,9,4724
53,41,10,3689
53,41,11,489
53,41,12,148
53,41,13,2819
53,41,14,519
53,41,15,571
53,41,16,2634
53,41,17,1782
53,41,18,3527
53,41,19,1790
53,41,20,1654
53,41,21,1199
53,41,22,64
53,41,23,133
53,41,24,62
53,41,25,357
53,41,26,197
53,41,27,1053
53,41,28,41
54,41,1,1767
54,41,2,4117
54,41,3,855
54,41,4,972
54,41,5,1947
54,41,6,109
54,41,7,2014
54,41,8,510
54,41,9,3581
54,41,10,3347
54,41,11,576
54,41,12,505
54,41,13,1948
54,41,14,671
54,41,15,282
54,41,16,3284
54,41,17,3146
54,41,18,3712
54,41,19,3906
54,41,20,1311
54,41,21,987
54,41,22,83
54,41,23,301
54,41,24,47
54,41,25,613
54,41,26,75
54,41,27,642
54,41,28,62
55,41,1,58376
55,41,2,73780
55,41,3,3013
55,41,4,18102
55,41,5,3042
55,41,6,5137
55,41,7,25660
55,41,8,19067
55,41,9,40613
55,41,10,48662
55,41,11,327
55,41,12,9037
55,41,13,9546
55,41,14,770
55,41,15,10562
55,41,16,32996
55,41,17,24879
55,41,18,67593
55,41,19,48450
55,41,20,23371
55,41,21,8083
55,41,22,521
55,41,23,1843
55,41,24,695
55,41,25,10994
55,41,26,720
55,41,27,12295
55,41,28,378
56,41,1,749
56,41,2,3376
56,41,3,546
56,41,4,567
56,41,5,2011
56,41,6,386
56,41,7,2004
56,41,8,193
56,41,9,2414
56,41,10,2031
56,41,11,359
56,41,12,38
56,41,13,2713
56,41,14,447
56,41,15,84
56,41,16,1261
56,41,17,1887
56,41,18,3440
56,41,19,1682
56,41,20,1386
56,41,21,751
56,41,22,55
56,41,23,196
56,41,24,69
56,41,25,326
56,41,26,69
56,41,27,630
56,41,28,48
57,41,1,64
57,41,2,463
57,41,3,29
57,41,4,49
57,41,5,179
57,41,6,51
57,41,7,1151
57,41,8,54
57,41,9,661
57,41,10,1238
57,41,11,53
57,41,12,6
57,41,13,894
57,41,14,51
57,41,15,15
57,41,16,217
57,41,17,232
57,41,18,958
57,41,19,77
57,41,20,866
57,41,21,607
57,41,22,3
57,41,23,15
57,41,24,142
57,41,25,362
57,41,26,18
57,41,27,239
57,41,28,27
58,41,1,436
58,41,2,1593
58,41,3,407
58,41,4,160
58,41,5,687
58,41,6,258
58,41,7,6415
58,41,8,275
58,41,9,3214
58,41,10,11326
58,41,11,593
58,41,12,69
58,41,13,4608
58,41,14,217
58,41,15,18
58,41,16,972
58,41,17,795
58,41,18,5032
58,41,19,310
58,41,20,4899
58,41,21,3653
58,41,22,16
58,41,23,60
58,41,24,729
58,41,25,2064
58,41,26,63
58,41,27,678
58,41,28,181
59,41,1,713
59,41,2,6222
59,41,3,260
59,41,4,1479
59,41,5,716
59,41,6,635
59,41,7,2
59,41,8,423
59,41,9,85
59,41,10,30
59,41,11,125
59,41,12,768
59,41,13,457
59,41,14,495
59,41,15,376
59,41,16,3504
59,41,17,1504
59,41,18,1170
59,41,19,2389
59,41,20,1
59,41,21,6
59,41,22,66
59,41,23,97
59,41,24,0
59,41,25,3
59,41,26,0
59,41,27,4
59,41,28,1
60,41,1,129
60,41,2,535
60,41,3,46
60,41,4,55
60,41,5,318
60,41,6,79
60,41,7,503
60,41,8,59
60,41,9,520
60,41,10,545
60,41,11,62
60,41,12,20
60,41,13,728
60,41,14,54
60,41,15,30
60,41,16,276
60,41,17,404
60,41,18,857
60,41,19,460
60,41,20,364
60,41,21,312
60,41,22,13
60,41,23,18
60,41,24,63
60,41,25,171
60,41,26,8
60,41,27,127
60,41,28,8
61,41,1,4355
61,41,2,25486
61,41,3,8731
61,41,4,4857
61,41,5,18604
61,41,6,6954
61,41,7,96433
61,41,8,3126
61,41,9,87377
61,41,10,163323
61,41,11,12888
61,41,12,2845
61,41,13,121038
61,41,14,4449
61,41,15,467
61,41,16,13741
61,41,17,22437
61,41,18,125109
61,41,19,6128
61,41,20,74646
61,41,21,62459
61,41,22,504
61,41,23,1546
61,41,24,17453
61,41,25,45505
61,41,26,760
61,41,27,10533
61,41,28,3490
62,41,1,83
62,41,2,896
62,41,3,141
62,41,4,230
62,41,5,66
62,41,6,187
62,41,7,103
62,41,8,162
62,41,9,151
62,41,10,93
62,41,11,61
62,41,12,15
62,41,13,500
62,41,14,128
62,41,15,84
62,41,16,738
62,41,17,1033
62,41,18,583
62,41,19,917
62,41,20,62
62,41,21,25
62,41,22,17
62,41,23,10
62,41,24,4
62,41,25,5
62,41,26,1
62,41,27,8
62,41,28,3
63,41,1,1365
63,41,2,16240
63,41,3,1121
63,41,4,2882
63,41,5,1820
63,41,6,1263
63,41,7,4
63,41,8,686
63,41,9,127
63,41,10,7
63,41,11,120
63,41,12,1523
63,41,13,25
63,41,14,1187
63,41,15,1294
63,41,16,8886
63,41,17,5648
63,41,18,1389
63,41,19,4791
63,41,20,3
63,41,21,28
63,41,22,317
63,41,23,522
63,41,24,0
63,41,25,0
63,41,26,0
63,41,27,1
63,41,28,1
64,41,1,24225
64,41,2,93220
64,41,3,6274
64,41,4,18979
64,41,5,49802
64,41,6,7952
64,41,7,119
64,41,8,5604
64,41,9,1463
64,41,10,2532
64,41,11,4944
64,41,12,4094
64,41,13,215
64,41,14,4828
64,41,15,13014
64,41,16,85668
64,41,17,26185
64,41,18,24269
64,41,19,32394
64,41,20,72
64,41,21,211
64,41,22,2479
64,41,23,7778
64,41,24,0
64,41,25,5
64,41,26,7
64,41,27,31
64,41,28,10
65,41,1,298
65,41,2,1161
65,41,3,76
65,41,4,112
65,41,5,820
65,41,6,20
65,41,7,595
65,41,8,101
65,41,9,789
65,41,10,603
65,41,11,195
65,41,12,5
65,41,13,866
65,41,14,108
65,41,15,51
65,41,16,386
65,41,17,741
65,41,18,1164
65,41,19,453
65,41,20,435
65,41,21,401
65,41,22,10
65,41,23,45
65,41,24,37
65,41,25,106
65,41,26,13
65,41,27,148
65,41,28,31
66,41,1,134
66,41,2,522
66,41,3,43
66,41,4,61
66,41,5,143
66,41,6,81
66,41,7,609
66,41,8,144
66,41,9,1279
66,41,10,1314
66,41,11,48
66,41,12,1
66,41,13,1297
66,41,14,57
66,41,15,18
66,41,16,320
66,41,17,200
66,41,18,1428
66,41,19,151
66,41,20,455
66,41,21,490
66,41,22,2
66,41,23,20
66,41,24,164
66,41,25,300
66,41,26,6
66,41,27,116
66,41,28,53
67,41,1,4213
67,41,2,23307
67,41,3,4160
67,41,4,5669
67,41,5,1836
67,41,6,1750
67,41,7,93
67,41,8,2288
67,41,9,1051
67,41,10,734
67,41,11,372
67,41,12,1252
67,41,13,4711
67,41,14,838
67,41,15,966
67,41,16,9480
67,41,17,5010
67,41,18,8907
67,41,19,9466
67,41,20,75
67,41,21,104
67,41,22,196
67,41,23,177
67,41,24,1
67,41,25,105
67,41,26,9
67,41,27,198
67,41,28,4
68,41,1,64678
68,41,2,283660
68,41,3,19555
68,41,4,41372
68,41,5,78730
68,41,6,14912
68,41,7,27
68,41,8,12780
68,41,9,2316
68,41,10,168
68,41,11,4828
68,41,12,10711
68,41,13,128
68,41,14,16617
68,41,15,21918
68,41,16,184466
68,41,17,158464
68,41,18,64605
68,41,19,99982
68,41,20,19
68,41,21,203
68,41,22,3672
68,41,23,7256
68,41,24,0
68,41,25,3
68,41,26,1
68,41,27,20
68,41,28,11
69,41,1,3552
69,41,2,10008
69,41,3,1023
69,41,4,1354
69,41,5,5427
69,41,6,830
69,41,7,22611
69,41,8,524
69,41,9,15681
69,41,10,23671
69,41,11,2794
69,41,12,129
69,41,13,14435
69,41,14,964
69,41,15,342
69,41,16,3288
69,41,17,4569
69,41,18,17951
69,41,19,2747
69,41,20,16817
69,41,21,11256
69,41,22,97
69,41,23,351
69,41,24,2361
69,41,25,4649
69,41,26,276
69,41,27,3886
69,41,28,368
70,41,1,7090
70,41,2,27959
70,41,3,1968
70,41,4,6182
70,41,5,4424
70,41,6,410
70,41,7,0
70,41,8,2527
70,41,9,451
70,41,10,20
70,41,11,382
70,41,12,537
70,41,13,308
70,41,14,98
70,41,15,1598
70,41,16,21013
70,41,17,8506
70,41,18,7362
70,41,19,9281
70,41,20,1
70,41,21,20
70,41,22,144
70,41,23,531
70,41,24,0
70,41,25,1
70,41,26,0
70,41,27,3
70,41,28,0
71,41,1,8
71,41,2,55
71,41,3,6
71,41,4,12
71,41,5,39
71,41,6,6
71,41,7,0
71,41,8,14
71,41,9,18
71,41,10,1
71,41,11,5
71,41,12,1
71,41,13,2
71,41,14,3
71,41,15,3
71,41,16,105
71,41,17,15
71,41,18,10
71,41,19,36
71,41,20,0
71,41,21,0
71,41,22,5
71,41,23,4
71,41,24,0
71,41,25,0
71,41,26,0
71,41,27,0
71,41,28,0
72,41,1,35
72,41,2,177
72,41,3,18
72,41,4,42
72,41,5,32
72,41,6,9
72,41,7,4
72,41,8,12
72,41,9,20
72,41,10,10
72,41,11,14
72,41,12,7
72,41,13,50
72,41,14,20
72,41,15,24
72,41,16,52
72,41,17,156
72,41,18,86
72,41,19,64
72,41,20,3
72,41,21,8
72,41,22,1
72,41,23,3
72,41,24,0
72,41,25,1
72,41,26,0
72,41,27,1
72,41,28,0
73,41,1,17
73,41,2,123
73,41,3,23
73,41,4,24
73,41,5,10
73,41,6,8
73,41,7,2
73,41,8,21
73,41,9,14
73,41,10,5
73,41,11,4
73,41,12,0
73,41,13,4
73,41,14,11
73,41,15,8
73,41,16,82
73,41,17,67
73,41,18,21
73,41,19,93
73,41,20,1
73,41,21,1
73,41,22,5
73,41,23,2
73,41,24,0
73,41,25,0
73,41,26,0
73,41,27,0
73,41,28,0
74,41,1,1514
74,41,2,3327
74,41,3,670
74,41,4,679
74,41,5,3686
74,41,6,471
74,41,7,8790
74,41,8,580
74,41,9,7457
74,41,10,11810
74,41,11,544
74,41,12,412
74,41,13,8341
74,41,14,493
74,41,15,42
74,41,16,2430
74,41,17,2472
74,41,18,9838
74,41,19,1404
74,41,20,6273
74,41,21,3935
74,41,22,158
74,41,23,206
74,41,24,258
74,41,25,2787
74,41,26,160
74,41,27,1094
74,41,28,137
75,41,1,1274
75,41,2,4724
75,41,3,445
75,41,4,523
75,41,5,894
75,41,6,276
75,41,7,10275
75,41,8,1124
75,41,9,11731
75,41,10,20151
75,41,11,966
75,41,12,57
75,41,13,16407
75,41,14,413
75,41,15,155
75,41,16,2253
75,41,17,2159
75,41,18,17655
75,41,19,1436
75,41,20,7705
75,41,21,7661
75,41,22,16
75,41,23,214
75,41,24,2027
75,41,25,5001
75,41,26,111
75,41,27,2424
75,41,28,460
76,41,1,183
76,41,2,871
76,41,3,81
76,41,4,85
76,41,5,461
76,41,6,102
76,41,7,1837
76,41,8,132
76,41,9,1837
76,41,10,2775
76,41,11,125
76,41,12,2
76,41,13,2073
76,41,14,109
76,41,15,29
76,41,16,307
76,41,17,408
76,41,18,2253
76,41,19,217
76,41,20,1377
76,41,21,1056
76,41,22,4
76,41,23,32
76,41,24,460
76,41,25,780
76,41,26,14
76,41,27,283
76,41,28,49
77,41,1,320
77,41,2,1291
77,41,3,114
77,41,4,174
77,41,5,473
77,41,6,149
77,41,7,183
77,41,8,118
77,41,9,584
77,41,10,299
77,41,11,126
77,41,12,21
77,41,13,276
77,41,14,157
77,41,15,109
77,41,16,441
77,41,17,976
77,41,18,597
77,41,19,641
77,41,20,126
77,41,21,88
77,41,22,11
77,41,23,25
77,41,24,3
77,41,25,20
77,41,26,6
77,41,27,52
77,41,28,7
78,41,1,779
78,41,2,9318
78,41,3,761
78,41,4,1534
78,41,5,2806
78,41,6,712
78,41,7,8536
78,41,8,808
78,41,9,6020
78,41,10,11827
78,41,11,2449
78,41,12,50
78,41,13,11969
78,41,14,1131
78,41,15,718
78,41,16,2743
78,41,17,6479
78,41,18,12706
78,41,19,2518
78,41,20,6364
78,41,21,4585
78,41,22,115
78,41,23,140
78,41,24,371
78,41,25,1879
78,41,26,183
78,41,27,3317
78,41,28,328
79,41,1,402
79,41,2,2499
79,41,3,396
79,41,4,357
79,41,5,1077
79,41,6,220
79,41,7,2564
79,41,8,325
79,41,9,2703
79,41,10,2331
79,41,11,211
79,41,12,225
79,41,13,2735
79,41,14,298
79,41,15,45
79,41,16,1551
79,41,17,1587
79,41,18,3119
79,41,19,980
79,41,20,1965
79,41,21,533
79,41,22,72
79,41,23,76
79,41,24,71
79,41,25,550
79,41,26,79
79,41,27,759
79,41,28,75
80,41,1,11651
80,41,2,50172
80,41,3,18716
80,41,4,7762
80,41,5,14146
80,41,6,3101
80,41,7,6
80,41,8,4743
80,41,9,931
80,41,10,71
80,41,11,848
80,41,12,3902
80,41,13,4700
80,41,14,2163
80,41,15,1773
80,41,16,31299
80,41,17,15558
80,41,18,16250
80,41,19,21226
80,41,20,5
80,41,21,16
80,41,22,249
80,41,23,2024
80,41,24,0
80,41,25,10
80,41,26,0
80,41,27,16
80,41,28,3
81,41,1,32
81,41,2,367
81,41,3,38
81,41,4,107
81,41,5,20
81,41,6,43
81,41,7,0
81,41,8,46
81,41,9,12
81,41,10,1
81,41,11,7
81,41,12,40
81,41,13,1
81,41,14,43
81,41,15,51
81,41,16,388
81,41,17,117
81,41,18,32
81,41,19,168
81,41,20,0
81,41,21,1
81,41,22,9
81,41,23,13
81,41,24,0
81,41,25,0
81,41,26,0
81,41,27,0
81,41,28,0
82,41,1,322671
82,41,2,640553
82,41,3,81961
82,41,4,108932
82,41,5,173975
82,41,6,128929
82,41,7,915902
82,41,8,161110
82,41,9,972137
82,41,10,849262
82,41,11,30411
82,41,12,70930
82,41,13,1040986
82,41,14,73653
82,41,15,32865
82,41,16,637869
82,41,17,322957
82,41,18,1332685
82,41,19,109108
82,41,20,703320
82,41,21,380370
82,41,22,30233
82,41,23,44690
82,41,24,46193
82,41,25,214526
82,41,26,5478
82,41,27,90848
82,41,28,30361
83,41,1,38990
83,41,2,198880
83,41,3,51260
83,41,4,14703
83,41,5,12503
83,41,6,26964
83,41,7,107258
83,41,8,30560
83,41,9,90424
83,41,10,127723
83,41,11,5994
83,41,12,1707
83,41,13,130375
83,41,14,19765
83,41,15,7232
83,41,16,112799
83,41,17,78905
83,41,18,169174
83,41,19,32269
83,41,20,81076
83,41,21,27124
83,41,22,2462
83,41,23,6305
83,41,24,6941
83,41,25,29178
83,41,26,1218
83,41,27,19774
83,41,28,3313
84,41,1,25019
84,41,2,47648
84,41,3,2230
84,41,4,15419
84,41,5,837
84,41,6,1560
84,41,7,3256
84,41,8,6828
84,41,9,43805
84,41,10,12400
84,41,11,435
84,41,12,3916
84,41,13,5583
84,41,14,2896
84,41,15,5490
84,41,16,25193
84,41,17,16744
84,41,18,30463
84,41,19,21127
84,41,20,2578
84,41,21,1513
84,41,22,1962
84,41,23,1828
84,41,24,359
84,41,25,2417
84,41,26,75
84,41,27,1995
84,41,28,127
85,41,1,11299
85,41,2,23216
85,41,3,799
85,41,4,5523
85,41,5,831
85,41,6,1424
85,41,7,1945
85,41,8,3885
85,41,9,16423
85,41,10,5980
85,41,11,130
85,41,12,2675
85,41,13,4683
85,41,14,568
85,41,15,3439
85,41,16,12219
85,41,17,12523
85,41,18,15942
85,41,19,14813
85,41,20,1289
85,41,21,578
85,41,22,218
85,41,23,357
85,41,24,215
85,41,25,1339
85,41,26,72
85,41,27,1334
85,41,28,106
86,41,1,1534
86,41,2,8284
86,41,3,488
86,41,4,1450
86,41,5,1112
86,41,6,840
86,41,7,0
86,41,8,883
86,41,9,135
86,41,10,12
86,41,11,97
86,41,12,818
86,41,13,24
86,41,14,581
86,41,15,1116
86,41,16,9034
86,41,17,1953
86,41,18,1552
86,41,19,2907
86,41,20,1
86,41,21,20
86,41,22,58
86,41,23,167
86,41,24,0
86,41,25,0
86,41,26,0
86,41,27,1
86,41,28,0
87,41,1,2314
87,41,2,7891
87,41,3,573
87,41,4,2013
87,41,5,166
87,41,6,111
87,41,7,3
87,41,8,551
87,41,9,437
87,41,10,27
87,41,11,104
87,41,12,42
87,41,13,15
87,41,14,79
87,41,15,836
87,41,16,5708
87,41,17,3155
87,41,18,2307
87,41,19,3188
87,41,20,3
87,41,21,8
87,41,22,130
87,41,23,153
87,41,24,0
87,41,25,1
87,41,26,0
87,41,27,5
87,41,28,1
88,41,1,42682
88,41,2,140907
88,41,3,14382
88,41,4,32474
88,41,5,40625
88,41,6,4525
88,41,7,10
88,41,8,11334
88,41,9,2116
88,41,10,133
88,41,11,2405
88,41,12,6313
88,41,13,826
88,41,14,2427
88,41,15,16203
88,41,16,105985
88,41,17,68358
88,41,18,43048
88,41,19,46492
88,41,20,7
88,41,21,95
88,41,22,6868
88,41,23,5462
88,41,24,0
88,41,25,6
88,41,26,1
88,41,27,25
88,41,28,5
89,41,1,388
89,41,2,2639
89,41,3,263
89,41,4,397
89,41,5,226
89,41,6,161
89,41,7,195
89,41,8,236
89,41,9,752
89,41,10,334
89,41,11,296
89,41,12,22
89,41,13,1003
89,41,14,182
89,41,15,407
89,41,16,1105
89,41,17,2406
89,41,18,1386
89,41,19,1534
89,41,20,134
89,41,21,124
89,41,22,15
89,41,23,26
89,41,24,1
89,41,25,14
89,41,26,7
89,41,27,44
89,41,28,4
90,41,1,31062
90,41,2,180267
90,41,3,50276
90,41,4,20503
90,41,5,44022
90,41,6,16806
90,41,7,187
90,41,8,15664
90,41,9,1677
90,41,10,541
90,41,11,3518
90,41,12,8405
90,41,13,568
90,41,14,4811
90,41,15,13420
90,41,16,174837
90,41,17,62586
90,41,18,31556
90,41,19,33713
90,41,20,79
90,41,21,1410
90,41,22,6125
90,41,23,4298
90,41,24,0
90,41,25,36
90,41,26,3
90,41,27,40
90,41,28,23
91,41,1,1303
91,41,2,2796
91,41,3,99
91,41,4,762
91,41,5,50
91,41,6,202
91,41,7,71
91,41,8,531
91,41,9,1849
91,41,10,390
91,41,11,28
91,41,12,89
91,41,13,45
91,41,14,137
91,41,15,312
91,41,16,1795
91,41,17,1878
91,41,18,1342
91,41,19,2117
91,41,20,35
91,41,21,57
91,41,22,21
91,41,23,52
91,41,24,14
91,41,25,74
91,41,26,4
91,41,27,90
91,41,28,27
92,41,1,8466
92,41,2,36914
92,41,3,6619
92,41,4,9163
92,41,5,6879
92,41,6,4747
92,41,7,1079
92,41,8,4127
92,41,9,3151
92,41,10,3652
92,41,11,934
92,41,12,3916
92,41,13,7157
92,41,14,1812
92,41,15,2072
92,41,16,20427
92,41,17,9425
92,41,18,15506
92,41,19,16533
92,41,20,971
92,41,21,609
92,41,22,669
92,41,23,364
92,41,24,45
92,41,25,454
92,41,26,55
92,41,27,981
92,41,28,40
93,41,1,1698
93,41,2,9518
93,41,3,1353
93,41,4,763
93,41,5,7747
93,41,6,1161
93,41,7,16435
93,41,8,1893
93,41,9,15803
93,41,10,27146
93,41,11,14175
93,41,12,452
93,41,13,21430
93,41,14,852
93,41,15,115
93,41,16,4685
93,41,17,4425
93,41,18,23113
93,41,19,2864
93,41,20,12267
93,41,21,11470
93,41,22,1369
93,41,23,418
93,41,24,2639
93,41,25,5707
93,41,26,217
93,41,27,4448
93,41,28,590
94,41,1,8
94,41,2,106
94,41,3,18
94,41,4,26
94,41,5,19
94,41,6,20
94,41,7,65
94,41,8,30
94,41,9,49
94,41,10,66
94,41,11,19
94,41,12,4
94,41,13,125
94,41,14,18
94,41,15,9
94,41,16,155
94,41,17,129
94,41,18,133
94,41,19,119
94,41,20,46
94,41,21,15
94,41,22,6
94,41,23,1
94,41,24,3
94,41,25,8
94,41,26,1
94,41,27,5
94,41,28,2
95,41,1,559
95,41,2,896
95,41,3,67
95,41,4,235
95,41,5,10
95,41,6,54
95,41,7,6
95,41,8,135
95,41,9,239
95,41,10,46
95,41,11,10
95,41,12,75
95,41,13,9
95,41,14,18
95,41,15,156
95,41,16,537
95,41,17,579
95,41,18,566
95,41,19,732
95,41,20,2
95,41,21,9
95,41,22,12
95,41,23,27
95,41,24,0
95,41,25,3
95,41,26,1
95,41,27,12
95,41,28,0
96,41,1,2086
96,41,2,6400
96,41,3,1372
96,41,4,1889
96,41,5,1577
96,41,6,961
96,41,7,425
96,41,8,1510
96,41,9,1881
96,41,10,1370
96,41,11,235
96,41,12,746
96,41,13,3776
96,41,14,248
96,41,15,350
96,41,16,4874
96,41,17,1479
96,41,18,5745
96,41,19,2853
96,41,20,365
96,41,21,274
96,41,22,190
96,41,23,87
96,41,24,6
96,41,25,299
96,41,26,14
96,41,27,358
96,41,28,17
97,41,1,757
97,41,2,4866
97,41,3,1447
97,41,4,388
97,41,5,1851
97,41,6,687
97,41,7,4412
97,41,8,2070
97,41,9,6039
97,41,10,9869
97,41,11,214
97,41,12,328
97,41,13,10326
97,41,14,585
97,41,15,120
97,41,16,5104
97,41,17,2751
97,41,18,11060
97,41,19,763
97,41,20,3410
97,41,21,2198
97,41,22,69
97,41,23,113
97,41,24,455
97,41,25,2496
97,41,26,49
97,41,27,1604
97,41,28,207
98,41,1,2666
98,41,2,11319
98,41,3,888
98,41,4,2963
98,41,5,1095
98,41,6,1130
98,41,7,5
98,41,8,762
98,41,9,129
98,41,10,33
98,41,11,190
98,41,12,1212
98,41,13,551
98,41,14,551
98,41,15,993
98,41,16,6010
98,41,17,2550
98,41,18,3215
98,41,19,4342
98,41,20,3
98,41,21,12
98,41,22,147
98,41,23,222
98,41,24,0
98,41,25,4
98,41,26,0
98,41,27,6
98,41,28,1
99,41,1,1655
99,41,2,4997
99,41,3,193
99,41,4,1748
99,41,5,341
99,41,6,37
99,41,7,77
99,41,8,716
99,41,9,1451
99,41,10,259
99,41,11,66
99,41,12,41
99,41,13,411
99,41,14,20
99,41,15,800
99,41,16,3742
99,41,17,2534
99,41,18,2057
99,41,19,2722
99,41,20,48
99,41,21,58
99,41,22,66
99,41,23,62
99,41,24,10
99,41,25,59
99,41,26,2
99,41,27,50
99,41,28,7
100,41,1,357
100,41,2,1493
100,41,3,129
100,41,4,114
100,41,5,800
100,41,6,265
100,41,7,2012
100,41,8,312
100,41,9,1855
100,41,10,1880
100,41,11,506
100,41,12,71
100,41,13,2098
100,41,14,155
100,41,15,53
100,41,16,1337
100,41,17,1006
100,41,18,2445
100,41,19,675
100,41,20,1521
100,41,21,1185
100,41,22,44
100,41,23,55
100,41,24,144
100,41,25,364
100,41,26,23
100,41,27,397
100,41,28,29
101,41,1,419
101,41,2,1840
101,41,3,162
101,41,4,205
101,41,5,955
101,41,6,187
101,41,7,3920
101,41,8,204
101,41,9,3250
101,41,10,6483
101,41,11,236
101,41,12,27
101,41,13,4238
101,41,14,192
101,41,15,82
101,41,16,644
101,41,17,1007
101,41,18,4655
101,41,19,715
101,41,20,2884
101,41,21,2494
101,41,22,7
101,41,23,67
101,41,24,551
101,41,25,1676
101,41,26,90
101,41,27,1002
101,41,28,159
102,41,1,1331
102,41,2,3343
102,41,3,113
102,41,4,846
102,41,5,54
102,41,6,144
102,41,7,205
102,41,8,506
102,41,9,2499
102,41,10,553
102,41,11,50
102,41,12,81
102,41,13,610
102,41,14,95
102,41,15,457
102,41,16,1667
102,41,17,1784
102,41,18,1933
102,41,19,1945
102,41,20,183
102,41,21,90
102,41,22,36
102,41,23,106
102,41,24,17
102,41,25,139
102,41,26,8
102,41,27,105
102,41,28,9
103,41,1,2565
103,41,2,12315
103,41,3,986
103,41,4,3409
103,41,5,1743
103,41,6,1134
103,41,7,8
103,41,8,772
103,41,9,192
103,41,10,38
103,41,11,259
103,41,12,1578
103,41,13,475
103,41,14,824
103,41,15,1267
103,41,16,6560
103,41,17,2391
103,41,18,3033
103,41,19,4578
103,41,20,6
103,41,21,14
103,41,22,122
103,41,23,211
103,41,24,0
103,41,25,4
103,41,26,1
103,41,27,7
103,41,28,2
104,41,1,216
104,41,2,948
104,41,3,70
104,41,4,172
104,41,5,299
104,41,6,72
104,41,7,0
104,41,8,73
104,41,9,12
104,41,10,4
104,41,11,17
104,41,12,81
104,41,13,1
104,41,14,59
104,41,15,93
104,41,16,789
104,41,17,257
104,41,18,216
104,41,19,345
104,41,20,0
104,41,21,1
104,41,22,26
104,41,23,30
104,41,24,0
104,41,25,0
104,41,26,0
104,41,27,0
104,41,28,0
105,41,1,873
105,41,2,10613
105,41,3,2575
105,41,4,866
105,41,5,3383
105,41,6,1280
105,41,7,19166
105,41,8,1820
105,41,9,13365
105,41,10,34662
105,41,11,875
105,41,12,390
105,41,13,20475
105,41,14,1282
105,41,15,130
105,41,16,5574
105,41,17,3774
105,41,18,21343
105,41,19,2420
105,41,20,14653
105,41,21,11166
105,41,22,88
105,41,23,258
105,41,24,1918
105,41,25,7230
105,41,26,332
105,41,27,3847
105,41,28,455
106,41,1,683
106,41,2,6201
106,41,3,1367
106,41,4,442
106,41,5,2476
106,41,6,798
106,41,7,19291
106,41,8,854
106,41,9,13527
106,41,10,25481
106,41,11,11342
106,41,12,46
106,41,13,16353
106,41,14,683
106,41,15,99
106,41,16,3154
106,41,17,3307
106,41,18,17026
106,41,19,1314
106,41,20,14536
106,41,21,10535
106,41,22,147
106,41,23,213
106,41,24,2507
106,41,25,7448
106,41,26,360
106,41,27,4648
106,41,28,417
107,41,1,7070
107,41,2,17861
107,41,3,4890
107,41,4,2514
107,41,5,2108
107,41,6,2152
107,41,7,687
107,41,8,2605
107,41,9,2841
107,41,10,1257
107,41,11,674
107,41,12,33
107,41,13,830
107,41,14,2020
107,41,15,1254
107,41,16,11824
107,41,17,9237
107,41,18,7886
107,41,19,5624
107,41,20,322
107,41,21,180
107,41,22,247
107,41,23,559
107,41,24,27
107,41,25,329
107,41,26,6
107,41,27,134
107,41,28,103
108,41,1,25
108,41,2,207
108,41,3,61
108,41,4,41
108,41,5,5
108,41,6,24
108,41,7,46
108,41,8,36
108,41,9,188
108,41,10,121
108,41,11,6
108,41,12,11
108,41,13,151
108,41,14,21
108,41,15,12
108,41,16,154
108,41,17,97
108,41,18,176
108,41,19,31
108,41,20,33
108,41,21,15
108,41,22,6
108,41,23,3
108,41,24,14
108,41,25,30
108,41,26,1
108,41,27,10
108,41,28,7
109,41,1,1150
109,41,2,5823
109,41,3,578
109,41,4,844
109,41,5,1323
109,41,6,839
109,41,7,20812
109,41,8,622
109,41,9,21063
109,41,10,30782
109,41,11,1026
109,41,12,216
109,41,13,17820
109,41,14,683
109,41,15,169
109,41,16,1601
109,41,17,2794
109,41,18,18936
109,41,19,1418
109,41,20,15430
109,41,21,10050
109,41,22,27
109,41,23,272
109,41,24,3735
109,41,25,6246
109,41,26,328
109,41,27,3884
109,41,28,706
110,41,1,186
110,41,2,771
110,41,3,69
110,41,4,211
110,41,5,62
110,41,6,59
110,41,7,0
110,41,8,63
110,41,9,25
110,41,10,1
110,41,11,10
110,41,12,37
110,41,13,4
110,41,14,37
110,41,15,136
110,41,16,547
110,41,17,482
110,41,18,189
110,41,19,251
110,41,20,0
110,41,21,1
110,41,22,9
110,41,23,17
110,41,24,0
110,41,25,0
110,41,26,0
110,41,27,0
110,41,28,0
111,41,1,4
111,41,2,38
111,41,3,8
111,41,4,9
111,41,5,7
111,41,6,7
111,41,7,12
111,41,8,9
111,41,9,16
111,41,10,12
111,41,11,2
111,41,12,1
111,41,13,30
111,41,14,6
111,41,15,4
111,41,16,31
111,41,17,44
111,41,18,33
111,41,19,23
111,41,20,8
111,41,21,4
111,41,22,2
111,41,23,1
111,41,24,1
111,41,25,2
111,41,26,0
111,41,27,1
111,41,28,0
112,41,1,635
112,41,2,1885
112,41,3,164
112,41,4,289
112,41,5,150
112,41,6,282
112,41,7,2789
112,41,8,239
112,41,9,2730
112,41,10,3771
112,41,11,200
112,41,12,156
112,41,13,2538
112,41,14,218
112,41,15,189
112,41,16,653
112,41,17,756
112,41,18,3170
112,41,19,860
112,41,20,2114
112,41,21,1476
112,41,22,6
112,41,23,91
112,41,24,284
112,41,25,817
112,41,26,40
112,41,27,513
112,41,28,158
113,41,1,371
113,41,2,1922
113,41,3,553
113,41,4,340
113,41,5,327
113,41,6,287
113,41,7,30
113,41,8,235
113,41,9,255
113,41,10,68
113,41,11,49
113,41,12,75
113,41,13,151
113,41,14,188
113,41,15,131
113,41,16,1026
113,41,17,1237
113,41,18,521
113,41,19,764
113,41,20,29
113,41,21,6
113,41,22,68
113,41,23,17
113,41,24,1
113,41,25,6
113,41,26,1
113,41,27,9
113,41,28,2
114,41,1,23192
114,41,2,40064
114,41,3,4636
114,41,4,5915
114,41,5,28974
114,41,6,3380
114,41,7,17336
114,41,8,7841
114,41,9,33186
114,41,10,32854
114,41,11,7443
114,41,12,2967
114,41,13,16302
114,41,14,3637
114,41,15,3920
114,41,16,35970
114,41,17,54303
114,41,18,38895
114,41,19,36595
114,41,20,9756
114,41,21,5546
114,41,22,1296
114,41,23,2920
114,41,24,688
114,41,25,4057
114,41,26,1055
114,41,27,6886
114,41,28,283
116,41,1,2848
116,41,2,12473
116,41,3,772
116,41,4,2536
116,41,5,4628
116,41,6,1080
116,41,7,77
116,41,8,1116
116,41,9,498
116,41,10,331
116,41,11,297
116,41,12,1374
116,41,13,3281
116,41,14,494
116,41,15,673
116,41,16,6153
116,41,17,3202
116,41,18,6081
116,41,19,4782
116,41,20,61
116,41,21,109
116,41,22,433
116,41,23,172
116,41,24,0
116,41,25,36
116,41,26,4
116,41,27,106
116,41,28,5
117,41,1,13
117,41,2,108
117,41,3,8
117,41,4,21
117,41,5,10
117,41,6,3
117,41,7,0
117,41,8,8
117,41,9,0
117,41,10,0
117,41,11,2
117,41,12,1
117,41,13,0
117,41,14,1
117,41,15,15
117,41,16,87
117,41,17,30
117,41,18,14
117,41,19,43
117,41,20,0
117,41,21,0
117,41,22,1
117,41,23,2
117,41,24,0
117,41,25,0
117,41,26,0
117,41,27,0
117,41,28,0
118,41,1,847
118,41,2,3731
118,41,3,715
118,41,4,852
118,41,5,786
118,41,6,647
118,41,7,589
118,41,8,659
118,41,9,1038
118,41,10,1840
118,41,11,111
118,41,12,463
118,41,13,2601
118,41,14,513
118,41,15,113
118,41,16,1954
118,41,17,530
118,41,18,3435
118,41,19,1453
118,41,20,499
118,41,21,447
118,41,22,120
118,41,23,34
118,41,24,8
118,41,25,441
118,41,26,12
118,41,27,317
118,41,28,30
119,41,1,440
119,41,2,1446
119,41,3,518
119,41,4,196
119,41,5,420
119,41,6,73
119,41,7,1
119,41,8,121
119,41,9,67
119,41,10,8
119,41,11,18
119,41,12,77
119,41,13,197
119,41,14,12
119,41,15,48
119,41,16,995
119,41,17,561
119,41,18,635
119,41,19,690
119,41,20,0
119,41,21,1
119,41,22,12
119,41,23,22
119,41,24,0
119,41,25,1
119,41,26,0
119,41,27,2
119,41,28,0
120,41,1,7525
120,41,2,39040
120,41,3,1300
120,41,4,9406
120,41,5,1275
120,41,6,2609
120,41,7,10145
120,41,8,5264
120,41,9,20348
120,41,10,14613
120,41,11,727
120,41,12,3702
120,41,13,11326
120,41,14,2386
120,41,15,4058
120,41,16,13526
120,41,17,11257
120,41,18,18807
120,41,19,14146
120,41,20,6067
120,41,21,4221
120,41,22,269
120,41,23,855
120,41,24,882
120,41,25,2738
120,41,26,381
120,41,27,3997
120,41,28,517
121,41,1,640
121,41,2,10244
121,41,3,2299
121,41,4,928
121,41,5,1357
121,41,6,1481
121,41,7,24226
121,41,8,1082
121,41,9,18777
121,41,10,40719
121,41,11,2526
121,41,12,169
121,41,13,25461
121,41,14,1080
121,41,15,121
121,41,16,4848
121,41,17,4615
121,41,18,26092
121,41,19,1463
121,41,20,18447
121,41,21,13799
121,41,22,101
121,41,23,398
121,41,24,4538
121,41,25,10336
121,41,26,339
121,41,27,5648
121,41,28,447
122,41,1,11159
122,41,2,59423
122,41,3,17332
122,41,4,5404
122,41,5,5011
122,41,6,10704
122,41,7,44794
122,41,8,14705
122,41,9,40717
122,41,10,67225
122,41,11,2137
122,41,12,314
122,41,13,85346
122,41,14,6789
122,41,15,1816
122,41,16,70099
122,41,17,33182
122,41,18,96038
122,41,19,8378
122,41,20,34182
122,41,21,17380
122,41,22,2437
122,41,23,1632
122,41,24,5479
122,41,25,15290
122,41,26,353
122,41,27,15677
122,41,28,482
123,41,1,339
123,41,2,1416
123,41,3,110
123,41,4,179
123,41,5,484
123,41,6,195
123,41,7,863
123,41,8,195
123,41,9,984
123,41,10,947
123,41,11,251
123,41,12,80
123,41,13,1363
123,41,14,142
123,41,15,95
123,41,16,1006
123,41,17,867
123,41,18,1690
123,41,19,658
123,41,20,626
123,41,21,514
123,41,22,32
123,41,23,39
123,41,24,34
123,41,25,164
123,41,26,9
123,41,27,138
123,41,28,23
124,41,1,1
124,41,2,14
124,41,3,2
124,41,4,3
124,41,5,3
124,41,6,2
124,41,7,1
124,41,8,3
124,41,9,4
124,41,10,3
124,41,11,1
124,41,12,0
124,41,13,3
124,41,14,2
124,41,15,1
124,41,16,11
124,41,17,9
124,41,18,4
124,41,19,12
124,41,20,0
124,41,21,0
124,41,22,0
124,41,23,0
124,41,24,0
124,41,25,0
124,41,26,0
124,41,27,0
124,41,28,0
125,41,1,6412
125,41,2,10580
125,41,3,956
125,41,4,1437
125,41,5,2080
125,41,6,1806
125,41,7,19930
125,41,8,4110
125,41,9,30545
125,41,10,34588
125,41,11,886
125,41,12,1113
125,41,13,37545
125,41,14,1532
125,41,15,432
125,41,16,19908
125,41,17,4396
125,41,18,42511
125,41,19,1445
125,41,20,15278
125,41,21,10085
125,41,22,362
125,41,23,572
125,41,24,1660
125,41,25,8795
125,41,26,109
125,41,27,3294
125,41,28,1101
126,41,1,8840
126,41,2,26706
126,41,3,1617
126,41,4,5666
126,41,5,5444
126,41,6,2320
126,41,7,2
126,41,8,2762
126,41,9,506
126,41,10,90
126,41,11,642
126,41,12,1161
126,41,13,42
126,41,14,2001
126,41,15,1666
126,41,16,36808
126,41,17,12428
126,41,18,8847
126,41,19,10327
126,41,20,2
126,41,21,42
126,41,22,278
126,41,23,1023
126,41,24,0
126,41,25,1
126,41,26,0
126,41,27,4
126,41,28,2
127,41,1,457
127,41,2,6659
127,41,3,471
127,41,4,1234
127,41,5,1226
127,41,6,415
127,41,7,3
127,41,8,450
127,41,9,177
127,41,10,25
127,41,11,160
127,41,12,222
127,41,13,15
127,41,14,359
127,41,15,598
127,41,16,6198
127,41,17,1780
127,41,18,472
127,41,19,2551
127,41,20,1
127,41,21,23
127,41,22,123
127,41,23,174
127,41,24,0
127,41,25,2
127,41,26,0
127,41,27,4
127,41,28,1
128,41,1,242
128,41,2,1786
128,41,3,285
128,41,4,254
128,41,5,606
128,41,6,212
128,41,7,1941
128,41,8,235
128,41,9,2265
128,41,10,2775
128,41,11,220
128,41,12,109
128,41,13,2171
128,41,14,205
128,41,15,38
128,41,16,806
128,41,17,1374
128,41,18,2409
128,41,19,780
128,41,20,1476
128,41,21,680
128,41,22,24
128,41,23,60
128,41,24,37
128,41,25,416
128,41,26,110
128,41,27,852
128,41,28,18
129,41,1,1474
129,41,2,4125
129,41,3,384
129,41,4,541
129,41,5,501
129,41,6,703
129,41,7,31565
129,41,8,980
129,41,9,14284
129,41,10,53079
129,41,11,662
129,41,12,41
129,41,13,22786
129,41,14,384
129,41,15,134
129,41,16,754
129,41,17,1308
129,41,18,24216
129,41,19,965
129,41,20,24220
129,41,21,17292
129,41,22,16
129,41,23,176
129,41,24,5648
129,41,25,14530
129,41,26,558
129,41,27,6825
129,41,28,466
130,41,1,23072
130,41,2,62322
130,41,3,5313
130,41,4,8952
130,41,5,30680
130,41,6,6839
130,41,7,249780
130,41,8,7165
130,41,9,131121
130,41,10,293766
130,41,11,8624
130,41,12,665
130,41,13,164658
130,41,14,5852
130,41,15,2812
130,41,16,14437
130,41,17,29657
130,41,18,187153
130,41,19,16540
130,41,20,184770
130,41,21,130240
130,41,22,1026
130,41,23,2139
130,41,24,20013
130,41,25,87495
130,41,26,3042
130,41,27,52087
130,41,28,2328
131,41,1,0
131,41,2,6
131,41,3,1
131,41,4,1
131,41,5,1
131,41,6,1
131,41,7,0
131,41,8,1
131,41,9,0
131,41,10,0
131,41,11,0
131,41,12,0
131,41,13,1
131,41,14,1
131,41,15,1
131,41,16,3
131,41,17,6
131,41,18,2
131,41,19,4
131,41,20,0
131,41,21,0
131,41,22,0
131,41,23,0
131,41,24,0
131,41,25,0
131,41,26,0
131,41,27,0
131,41,28,0
132,41,1,8644
132,41,2,27203
132,41,3,10290
132,41,4,2557
132,41,5,6380
132,41,6,2916
132,41,7,650
132,41,8,7729
132,41,9,11878
132,41,10,9098
132,41,11,997
132,41,12,1671
132,41,13,30596
132,41,14,740
132,41,15,857
132,41,16,20301
132,41,17,8264
132,41,18,38396
132,41,19,4010
132,41,20,548
132,41,21,549
132,41,22,1146
132,41,23,746
132,41,24,370
132,41,25,2095
132,41,26,27
132,41,27,872
132,41,28,180
133,41,1,1984
133,41,2,5843
133,41,3,2147
133,41,4,948
133,41,5,975
133,41,6,334
133,41,7,84
133,41,8,613
133,41,9,481
133,41,10,200
133,41,11,70
133,41,12,172
133,41,13,1071
133,41,14,47
133,41,15,225
133,41,16,3635
133,41,17,2144
133,41,18,3036
133,41,19,2576
133,41,20,47
133,41,21,9
133,41,22,49
133,41,23,34
133,41,24,7
133,41,25,22
133,41,26,9
133,41,27,89
133,41,28,1
134,41,1,6
134,41,2,27
134,41,3,4
134,41,4,5
134,41,5,7
134,41,6,3
134,41,7,1
134,41,8,5
134,41,9,4
134,41,10,2
134,41,11,2
134,41,12,0
134,41,13,5
134,41,14,3
134,41,15,2
134,41,16,28
134,41,17,21
134,41,18,11
134,41,19,33
134,41,20,0
134,41,21,0
134,41,22,3
134,41,23,1
134,41,24,0
134,41,25,0
134,41,26,0
134,41,27,0
134,41,28,0
135,41,1,1705
135,41,2,12875
135,41,3,845
135,41,4,2892
135,41,5,696
135,41,6,854
135,41,7,3
135,41,8,919
135,41,9,132
135,41,10,13
135,41,11,194
135,41,12,925
135,41,13,11
135,41,14,974
135,41,15,1296
135,41,16,8153
135,41,17,5113
135,41,18,1712
135,41,19,3335
135,41,20,2
135,41,21,32
135,41,22,184
135,41,23,587
135,41,24,0
135,41,25,0
135,41,26,0
135,41,27,1
135,41,28,0
136,41,1,694
136,41,2,1494
136,41,3,72
136,41,4,523
136,41,5,27
136,41,6,79
136,41,7,91
136,41,8,217
136,41,9,847
136,41,10,248
136,41,11,17
136,41,12,308
136,41,13,654
136,41,14,108
136,41,15,257
136,41,16,771
136,41,17,885
136,41,18,1341
136,41,19,757
136,41,20,50
136,41,21,85
136,41,22,14
136,41,23,103
136,41,24,13
136,41,25,60
136,41,26,2
136,41,27,28
136,41,28,7
137,41,1,33643
137,41,2,97714
137,41,3,7946
137,41,4,21319
137,41,5,8089
137,41,6,12673
137,41,7,114648
137,41,8,21952
137,41,9,199719
137,41,10,123799
137,41,11,1624
137,41,12,8816
137,41,13,167808
137,41,14,12005
137,41,15,6869
137,41,16,97483
137,41,17,43843
137,41,18,197444
137,41,19,19593
137,41,20,82088
137,41,21,38263
137,41,22,3840
137,41,23,1904
137,41,24,12024
137,41,25,43183
137,41,26,1781
137,41,27,16093
137,41,28,3064
138,41,1,3
138,41,2,18
138,41,3,4
138,41,4,5
138,41,5,2
138,41,6,3
138,41,7,1
138,41,8,6
138,41,9,3
138,41,10,3
138,41,11,2
138,41,12,0
138,41,13,0
138,41,14,3
138,41,15,2
138,41,16,18
138,41,17,20
138,41,18,3
138,41,19,19
138,41,20,1
138,41,21,1
138,41,22,1
138,41,23,1
138,41,24,0
138,41,25,0
138,41,26,0
138,41,27,0
138,41,28,0
139,41,1,609
139,41,2,2110
139,41,3,80
139,41,4,637
139,41,5,78
139,41,6,207
139,41,7,57
139,41,8,363
139,41,9,1536
139,41,10,286
139,41,11,19
139,41,12,217
139,41,13,672
139,41,14,265
139,41,15,339
139,41,16,1178
139,41,17,1516
139,41,18,1272
139,41,19,1039
139,41,20,39
139,41,21,79
139,41,22,11
139,41,23,31
139,41,24,68
139,41,25,81
139,41,26,2
139,41,27,33
139,41,28,6
140,41,1,320
140,41,2,1626
140,41,3,264
140,41,4,258
140,41,5,386
140,41,6,161
140,41,7,151
140,41,8,125
140,41,9,443
140,41,10,252
140,41,11,305
140,41,12,62
140,41,13,433
140,41,14,190
140,41,15,42
140,41,16,894
140,41,17,1195
140,41,18,750
140,41,19,466
140,41,20,114
140,41,21,57
140,41,22,17
140,41,23,62
140,41,24,2
140,41,25,23
140,41,26,6
140,41,27,48
140,41,28,6
141,41,1,356
141,41,2,2090
141,41,3,462
141,41,4,578
141,41,5,411
141,41,6,482
141,41,7,1966
141,41,8,1040
141,41,9,2246
141,41,10,3793
141,41,11,153
141,41,12,111
141,41,13,6079
141,41,14,328
141,41,15,172
141,41,16,3221
141,41,17,2636
141,41,18,6433
141,41,19,1396
141,41,20,1508
141,41,21,1123
141,41,22,73
141,41,23,121
141,41,24,138
141,41,25,1170
141,41,26,33
141,41,27,362
141,41,28,122
142,41,1,395
142,41,2,2886
142,41,3,390
142,41,4,408
142,41,5,892
142,41,6,128
142,41,7,601
142,41,8,334
142,41,9,1441
142,41,10,529
142,41,11,256
142,41,12,138
142,41,13,1718
142,41,14,300
142,41,15,136
142,41,16,2179
142,41,17,1354
142,41,18,2109
142,41,19,1361
142,41,20,393
142,41,21,376
142,41,22,22
142,41,23,67
142,41,24,13
142,41,25,87
142,41,26,25
142,41,27,205
142,41,28,30
143,41,1,6207
143,41,2,8074
143,41,3,1733
143,41,4,2069
143,41,5,6005
143,41,6,1336
143,41,7,4626
143,41,8,1363
143,41,9,10974
143,41,10,8391
143,41,11,1594
143,41,12,1080
143,41,13,9497
143,41,14,1311
143,41,15,579
143,41,16,3554
143,41,17,4965
143,41,18,15698
143,41,19,5652
143,41,20,3128
143,41,21,3424
143,41,22,236
143,41,23,470
143,41,24,157
143,41,25,2146
143,41,26,183
143,41,27,1930
143,41,28,336
144,41,1,10950
144,41,2,30690
144,41,3,8399
144,41,4,3833
144,41,5,21230
144,41,6,2468
144,41,7,19327
144,41,8,11033
144,41,9,30131
144,41,10,35606
144,41,11,2232
144,41,12,656
144,41,13,32247
144,41,14,2661
144,41,15,731
144,41,16,41358
144,41,17,25195
144,41,18,43170
144,41,19,9479
144,41,20,12057
144,41,21,7322
144,41,22,500
144,41,23,999
144,41,24,2102
144,41,25,9326
144,41,26,673
144,41,27,4722
144,41,28,400
145,41,1,38411
145,41,2,106478
145,41,3,23907
145,41,4,29424
145,41,5,18817
145,41,6,11951
145,41,7,57
145,41,8,11560
145,41,9,3762
145,41,10,429
145,41,11,2835
145,41,12,12564
145,41,13,13595
145,41,14,4006
145,41,15,8396
145,41,16,93767
145,41,17,47001
145,41,18,51815
145,41,19,53396
145,41,20,27
145,41,21,107
145,41,22,1214
145,41,23,2803
145,41,24,1
145,41,25,60
145,41,26,5
145,41,27,90
145,41,28,15
146,41,1,4009
146,41,2,24019
146,41,3,1384
146,41,4,3900
146,41,5,9288
146,41,6,1732
146,41,7,20
146,41,8,2256
146,41,9,528
146,41,10,165
146,41,11,612
146,41,12,1165
146,41,13,587
146,41,14,604
146,41,15,3024
146,41,16,14040
146,41,17,12637
146,41,18,4584
146,41,19,8234
146,41,20,14
146,41,21,52
146,41,22,452
146,41,23,638
146,41,24,0
146,41,25,4
146,41,26,2
146,41,27,23
146,41,28,2
147,41,1,470
147,41,2,4731
147,41,3,454
147,41,4,1098
147,41,5,1724
147,41,6,448
147,41,7,14
147,41,8,369
147,41,9,542
147,41,10,66
147,41,11,827
147,41,12,58
147,41,13,2
147,41,14,585
147,41,15,808
147,41,16,2469
147,41,17,4494
147,41,18,472
147,41,19,3400
147,41,20,1
147,41,21,101
147,41,22,95
147,41,23,130
147,41,24,0
147,41,25,2
147,41,26,0
147,41,27,7
147,41,28,3
148,41,1,176
148,41,2,213
148,41,3,9
148,41,4,70
148,41,5,18
148,41,6,6
148,41,7,2
148,41,8,37
148,41,9,111
148,41,10,12
148,41,11,4
148,41,12,9
148,41,13,1
148,41,14,2
148,41,15,41
148,41,16,110
148,41,17,190
148,41,18,176
148,41,19,201
148,41,20,1
148,41,21,2
148,41,22,5
148,41,23,12
148,41,24,0
148,41,25,3
148,41,26,0
148,41,27,2
148,41,28,1
149,41,1,19064
149,41,2,93768
149,41,3,32018
149,41,4,13594
149,41,5,17437
149,41,6,5926
149,41,7,239
149,41,8,8142
149,41,9,1544
149,41,10,2618
149,41,11,1947
149,41,12,8005
149,41,13,13100
149,41,14,1290
149,41,15,4104
149,41,16,45200
149,41,17,18532
149,41,18,31878
149,41,19,33681
149,41,20,165
149,41,21,312
149,41,22,1566
149,41,23,1003
149,41,24,7
149,41,25,363
149,41,26,16
149,41,27,586
149,41,28,30
150,41,1,122575
150,41,2,508313
150,41,3,58265
150,41,4,112683
150,41,5,106953
150,41,6,54756
150,41,7,887
150,41,8,35748
150,41,9,12168
150,41,10,3909
150,41,11,8628
150,41,12,53957
150,41,13,13757
150,41,14,22435
150,41,15,27820
150,41,16,259268
150,41,17,143137
150,41,18,135823
150,41,19,204462
150,41,20,774
150,41,21,815
150,41,22,10218
150,41,23,5800
150,41,24,1
150,41,25,724
150,41,26,84
150,41,27,1075
150,41,28,129
151,41,1,1195
151,41,2,5985
151,41,3,1501
151,41,4,611
151,41,5,7295
151,41,6,22
151,41,7,13803
151,41,8,848
151,41,9,8061
151,41,10,17293
151,41,11,2210
151,41,12,229
151,41,13,13100
151,41,14,790
151,41,15,74
151,41,16,4439
151,41,17,3183
151,41,18,14256
151,41,19,1517
151,41,20,9997
151,41,21,8303
151,41,22,36
151,41,23,264
151,41,24,1094
151,41,25,4609
151,41,26,165
151,41,27,922
151,41,28,341
152,41,1,12
152,41,2,118
152,41,3,11
152,41,4,20
152,41,5,20
152,41,6,17
152,41,7,6
152,41,8,9
152,41,9,14
152,41,10,9
152,41,11,7
152,41,12,2
152,41,13,10
152,41,14,11
152,41,15,14
152,41,16,24
152,41,17,97
152,41,18,23
152,41,19,61
152,41,20,3
152,41,21,3
152,41,22,1
152,41,23,2
152,41,24,0
152,41,25,0
152,41,26,0
152,41,27,1
152,41,28,0
153,41,1,38
153,41,2,193
153,41,3,17
153,41,4,37
153,41,5,56
153,41,6,6
153,41,7,8
153,41,8,12
153,41,9,42
153,41,10,14
153,41,11,17
153,41,12,5
153,41,13,49
153,41,14,18
153,41,15,23
153,41,16,73
153,41,17,178
153,41,18,87
153,41,19,91
153,41,20,6
153,41,21,5
153,41,22,1
153,41,23,3
153,41,24,0
153,41,25,0
153,41,26,0
153,41,27,2
153,41,28,0
154,41,1,29
154,41,2,139
154,41,3,13
154,41,4,34
154,41,5,23
154,41,6,14
154,41,7,9
154,41,8,10
154,41,9,37
154,41,10,19
154,41,11,22
154,41,12,5
154,41,13,36
154,41,14,15
154,41,15,21
154,41,16,39
154,41,17,145
154,41,18,65
154,41,19,64
154,41,20,6
154,41,21,6
154,41,22,1
154,41,23,2
154,41,24,0
154,41,25,1
154,41,26,0
154,41,27,2
154,41,28,0
155,41,1,25
155,41,2,191
155,41,3,9
155,41,4,40
155,41,5,23
155,41,6,26
155,41,7,10
155,41,8,49
155,41,9,35
155,41,10,18
155,41,11,8
155,41,12,2
155,41,13,134
155,41,14,30
155,41,15,18
155,41,16,184
155,41,17,169
155,41,18,159
155,41,19,174
155,41,20,3
155,41,21,3
155,41,22,6
155,41,23,4
155,41,24,1
155,41,25,2
155,41,26,0
155,41,27,2
155,41,28,0
156,41,1,6
156,41,2,30
156,41,3,3
156,41,4,6
156,41,5,9
156,41,6,2
156,41,7,0
156,41,8,2
156,41,9,1
156,41,10,0
156,41,11,1
156,41,12,1
156,41,13,0
156,41,14,1
156,41,15,4
156,41,16,31
156,41,17,11
156,41,18,6
156,41,19,13
156,41,20,0
156,41,21,0
156,41,22,1
156,41,23,1
156,41,24,0
156,41,25,0
156,41,26,0
156,41,27,0
156,41,28,0
157,41,1,18
157,41,2,102
157,41,3,8
157,41,4,13
157,41,5,35
157,41,6,7
157,41,7,96
157,41,8,5
157,41,9,69
157,41,10,175
157,41,11,10
157,41,12,1
157,41,13,156
157,41,14,10
157,41,15,3
157,41,16,23
157,41,17,39
157,41,18,173
157,41,19,33
157,41,20,71
157,41,21,67
157,41,22,0
157,41,23,4
157,41,24,17
157,41,25,42
157,41,26,1
157,41,27,18
157,41,28,2
158,41,1,4691
158,41,2,11447
158,41,3,450
158,41,4,2605
158,41,5,609
158,41,6,629
158,41,7,1888
158,41,8,1800
158,41,9,8134
158,41,10,2719
158,41,11,104
158,41,12,1164
158,41,13,4576
158,41,14,625
158,41,15,2068
158,41,16,4275
158,41,17,7111
158,41,18,9196
158,41,19,7049
158,41,20,1421
158,41,21,705
158,41,22,148
158,41,23,893
158,41,24,111
158,41,25,760
158,41,26,59
158,41,27,478
158,41,28,47
159,41,1,1430
159,41,2,5450
159,41,3,451
159,41,4,700
159,41,5,719
159,41,6,695
159,41,7,12121
159,41,8,1407
159,41,9,9405
159,41,10,13995
159,41,11,606
159,41,12,18
159,41,13,9678
159,41,14,483
159,41,15,265
159,41,16,2281
159,41,17,2852
159,41,18,11089
159,41,19,1622
159,41,20,9140
159,41,21,6092
159,41,22,20
159,41,23,196
159,41,24,1450
159,41,25,2906
159,41,26,163
159,41,27,1985
159,41,28,365
160,41,1,9616
160,41,2,35292
160,41,3,12103
160,41,4,5410
160,41,5,5307
160,41,6,1991
160,41,7,15
160,41,8,3110
160,41,9,1503
160,41,10,212
160,41,11,695
160,41,12,2085
160,41,13,6833
160,41,14,1433
160,41,15,1557
160,41,16,19805
160,41,17,12703
160,41,18,16357
160,41,19,14868
160,41,20,7
160,41,21,24
160,41,22,445
160,41,23,331
160,41,24,2
160,41,25,27
160,41,26,1
160,41,27,51
160,41,28,4
161,41,1,23
161,41,2,142
161,41,3,33
161,41,4,13
161,41,5,24
161,41,6,10
161,41,7,4
161,41,8,13
161,41,9,15
161,41,10,4
161,41,11,7
161,41,12,3
161,41,13,5
161,41,14,11
161,41,15,6
161,41,16,76
161,41,17,56
161,41,18,29
161,41,19,40
161,41,20,3
161,41,21,2
161,41,22,2
161,41,23,2
161,41,24,0
161,41,25,0
161,41,26,0
161,41,27,0
161,41,28,0
162,41,1,816
162,41,2,3874
162,41,3,296
162,41,4,395
162,41,5,1597
162,41,6,397
162,41,7,6849
162,41,8,797
162,41,9,6818
162,41,10,11694
162,41,11,303
162,41,12,12
162,41,13,8972
162,41,14,335
162,41,15,129
162,41,16,2032
162,41,17,1079
162,41,18,9775
162,41,19,607
162,41,20,5141
162,41,21,4513
162,41,22,8
162,41,23,133
162,41,24,714
162,41,25,2502
162,41,26,94
162,41,27,1811
162,41,28,162
163,41,1,1161
163,41,2,2832
163,41,3,748
163,41,4,483
163,41,5,198
163,41,6,254
163,41,7,9
163,41,8,270
163,41,9,114
163,41,10,30
163,41,11,108
163,41,12,168
163,41,13,69
163,41,14,155
163,41,15,238
163,41,16,2723
163,41,17,1687
163,41,18,1226
163,41,19,710
163,41,20,5
163,41,21,33
163,41,22,37
163,41,23,41
163,41,24,0
163,41,25,2
163,41,26,0
163,41,27,8
163,41,28,1
164,41,1,5834
164,41,2,18318
164,41,3,6694
164,41,4,3742
164,41,5,3652
164,41,6,1703
164,41,7,7
164,41,8,1902
164,41,9,459
164,41,10,92
164,41,11,227
164,41,12,1491
164,41,13,206
164,41,14,1085
164,41,15,1000
164,41,16,10915
164,41,17,5682
164,41,18,6026
164,41,19,7937
164,41,20,2
164,41,21,32
164,41,22,297
164,41,23,436
164,41,24,0
164,41,25,13
164,41,26,0
164,41,27,16
164,41,28,2
165,41,1,1370
165,41,2,4926
165,41,3,1729
165,41,4,658
165,41,5,1843
165,41,6,235
165,41,7,1
165,41,8,441
165,41,9,79
165,41,10,8
165,41,11,87
165,41,12,250
165,41,13,269
165,41,14,241
165,41,15,226
165,41,16,3115
165,41,17,1603
165,41,18,1626
165,41,19,2030
165,41,20,1
165,41,21,5
165,41,22,118
165,41,23,224
165,41,24,0
165,41,25,1
165,41,26,0
165,41,27,1
165,41,28,0
166,41,1,25
166,41,2,394
166,41,3,79
166,41,4,122
166,41,5,24
166,41,6,91
166,41,7,259
166,41,8,133
166,41,9,151
166,41,10,211
166,41,11,27
166,41,12,40
166,41,13,754
166,41,14,98
166,41,15,25
166,41,16,540
166,41,17,297
166,41,18,779
166,41,19,284
166,41,20,203
166,41,21,79
166,41,22,18
166,41,23,11
166,41,24,20
166,41,25,46
166,41,26,1
166,41,27,21
166,41,28,9
167,41,1,322
167,41,2,4687
167,41,3,1181
167,41,4,524
167,41,5,403
167,41,6,809
167,41,7,10131
167,41,8,941
167,41,9,7449
167,41,10,26318
167,41,11,688
167,41,12,135
167,41,13,16064
167,41,14,679
167,41,15,55
167,41,16,2918
167,41,17,2367
167,41,18,16380
167,41,19,844
167,41,20,7674
167,41,21,7135
167,41,22,31
167,41,23,174
167,41,24,3218
167,41,25,4840
167,41,26,222
167,41,27,2574
167,41,28,517
168,41,1,12634
168,41,2,29648
168,41,3,2256
168,41,4,2335
168,41,5,21927
168,41,6,4209
168,41,7,17503
168,41,8,7020
168,41,9,17904
168,41,10,24214
168,41,11,4311
168,41,12,1828
168,41,13,13383
168,41,14,2306
168,41,15,2256
168,41,16,29791
168,41,17,17704
168,41,18,25962
168,41,19,21013
168,41,20,11795
168,41,21,10947
168,41,22,1227
168,41,23,1247
168,41,24,919
168,41,25,4133
168,41,26,650
168,41,27,5938
168,41,28,526
169,41,1,18288
169,41,2,47776
169,41,3,14152
169,41,4,4147
169,41,5,29331
169,41,6,5718
169,41,7,196
169,41,8,4964
169,41,9,2244
169,41,10,531
169,41,11,1199
169,41,12,1895
169,41,13,556
169,41,14,575
169,41,15,2978
169,41,16,41631
169,41,17,19634
169,41,18,18780
169,41,19,13032
169,41,20,115
169,41,21,141
169,41,22,954
169,41,23,1846
169,41,24,1
169,41,25,19
169,41,26,9
169,41,27,67
169,41,28,27
170,41,1,935
170,41,2,3498
170,41,3,868
170,41,4,334
170,41,5,480
170,41,6,318
170,41,7,5747
170,41,8,621
170,41,9,7662
170,41,10,18443
170,41,11,495
170,41,12,44
170,41,13,9997
170,41,14,372
170,41,15,54
170,41,16,1867
170,41,17,1758
170,41,18,10887
170,41,19,1259
170,41,20,4337
170,41,21,4670
170,41,22,27
170,41,23,132
170,41,24,724
170,41,25,2931
170,41,26,27
170,41,27,1571
170,41,28,155
171,41,1,14826
171,41,2,74028
171,41,3,2727
171,41,4,13108
171,41,5,23964
171,41,6,2286
171,41,7,16
171,41,8,6827
171,41,9,1191
171,41,10,175
171,41,11,2592
171,41,12,2029
171,41,13,1627
171,41,14,1215
171,41,15,8036
171,41,16,65118
171,41,17,45142
171,41,18,16349
171,41,19,30330
171,41,20,16
171,41,21,102
171,41,22,1378
171,41,23,1638
171,41,24,0
171,41,25,3
171,41,26,1
171,41,27,23
171,41,28,4
172,41,1,3003
172,41,2,17575
172,41,3,4934
172,41,4,2775
172,41,5,3758
172,41,6,2092
172,41,7,2381
172,41,8,1674
172,41,9,3341
172,41,10,1765
172,41,11,284
172,41,12,177
172,41,13,9832
172,41,14,1986
172,41,15,666
172,41,16,10452
172,41,17,10560
172,41,18,12826
172,41,19,4331
172,41,20,1854
172,41,21,974
172,41,22,249
172,41,23,572
172,41,24,118
172,41,25,319
172,41,26,10
172,41,27,102
172,41,28,62
173,41,1,4122
173,41,2,30834
173,41,3,1167
173,41,4,7604
173,41,5,1067
173,41,6,2751
173,41,7,18807
173,41,8,5389
173,41,9,37224
173,41,10,42145
173,41,11,325
173,41,12,3084
173,41,13,34040
173,41,14,2610
173,41,15,4956
173,41,16,11792
173,41,17,9339
173,41,18,38059
173,41,19,8856
173,41,20,15100
173,41,21,9607
173,41,22,244
173,41,23,614
173,41,24,5214
173,41,25,11986
173,41,26,335
173,41,27,6309
173,41,28,686
174,41,1,135
174,41,2,451
174,41,3,44
174,41,4,78
174,41,5,116
174,41,6,46
174,41,7,72
174,41,8,58
174,41,9,206
174,41,10,81
174,41,11,72
174,41,12,6
174,41,13,139
174,41,14,50
174,41,15,52
174,41,16,251
174,41,17,341
174,41,18,275
174,41,19,243
174,41,20,43
174,41,21,31
174,41,22,5
174,41,23,11
174,41,24,1
174,41,25,5
174,41,26,3
174,41,27,25
174,41,28,1
175,41,1,2759
175,41,2,25236
175,41,3,2015
175,41,4,6188
175,41,5,3138
175,41,6,2048
175,41,7,3
175,41,8,1253
175,41,9,206
175,41,10,53
175,41,11,354
175,41,12,1938
175,41,13,31
175,41,14,2182
175,41,15,2539
175,41,16,16720
175,41,17,9141
175,41,18,2786
175,41,19,7983
175,41,20,3
175,41,21,46
175,41,22,242
175,41,23,792
175,41,24,0
175,41,25,1
175,41,26,0
175,41,27,2
175,41,28,1
176,41,1,3759
176,41,2,12448
176,41,3,1036
176,41,4,3052
176,41,5,4302
176,41,6,1003
176,41,7,3
176,41,8,1258
176,41,9,182
176,41,10,30
176,41,11,251
176,41,12,297
176,41,13,6
176,41,14,944
176,41,15,1842
176,41,16,11855
176,41,17,6331
176,41,18,3740
176,41,19,5026
176,41,20,2
176,41,21,27
176,41,22,519
176,41,23,1057
176,41,24,0
176,41,25,1
176,41,26,0
176,41,27,5
176,41,28,0
177,41,1,6698
177,41,2,14344
177,41,3,543
177,41,4,4391
177,41,5,533
177,41,6,706
177,41,7,876
177,41,8,2128
177,41,9,8835
177,41,10,3945
177,41,11,74
177,41,12,159
177,41,13,1187
177,41,14,618
177,41,15,2151
177,41,16,8447
177,41,17,6271
177,41,18,7855
177,41,19,7516
177,41,20,577
177,41,21,371
177,41,22,99
177,41,23,162
177,41,24,201
177,41,25,1099
177,41,26,38
177,41,27,584
177,41,28,83
178,41,1,6144
178,41,2,19842
178,41,3,4033
178,41,4,2378
178,41,5,10051
178,41,6,1647
178,41,7,80
178,41,8,3279
178,41,9,423
178,41,10,377
178,41,11,1022
178,41,12,123
178,41,13,3336
178,41,14,1037
178,41,15,1011
178,41,16,16359
178,41,17,11460
178,41,18,9438
178,41,19,7521
178,41,20,51
178,41,21,144
178,41,22,1226
178,41,23,939
178,41,24,0
178,41,25,11
178,41,26,1
178,41,27,24
178,41,28,8
179,41,1,2080
179,41,2,6552
179,41,3,1332
179,41,4,1625
179,41,5,1121
179,41,6,812
179,41,7,2841
179,41,8,1878
179,41,9,3029
179,41,10,7083
179,41,11,138
179,41,12,745
179,41,13,5757
179,41,14,187
179,41,15,236
179,41,16,3580
179,41,17,1412
179,41,18,7759
179,41,19,1615
179,41,20,2265
179,41,21,1371
179,41,22,103
179,41,23,66
179,41,24,103
179,41,25,1434
179,41,26,83
179,41,27,1339
179,41,28,27
180,41,1,2205
180,41,2,15759
180,41,3,4250
180,41,4,981
180,41,5,13143
180,41,6,2056
180,41,7,28870
180,41,8,3371
180,41,9,27727
180,41,10,52189
180,41,11,26574
180,41,12,92
180,41,13,42133
180,41,14,1629
180,41,15,214
180,41,16,11560
180,41,17,6583
180,41,18,44320
180,41,19,5500
180,41,20,21365
180,41,21,21359
180,41,22,808
180,41,23,565
180,41,24,2707
180,41,25,13466
180,41,26,299
180,41,27,7969
180,41,28,1303
181,41,1,15005
181,41,2,32987
181,41,3,10535
181,41,4,4320
181,41,5,22956
181,41,6,4192
181,41,7,6258
181,41,8,6488
181,41,9,10956
181,41,10,5750
181,41,11,3694
181,41,12,78
181,41,13,21115
181,41,14,4451
181,41,15,1719
181,41,16,45158
181,41,17,23899
181,41,18,36008
181,41,19,10059
181,41,20,2444
181,41,21,2146
181,41,22,2804
181,41,23,2099
181,41,24,237
181,41,25,885
181,41,26,67
181,41,27,1177
181,41,28,114
182,41,1,56
182,41,2,412
182,41,3,113
182,41,4,38
182,41,5,76
182,41,6,62
182,41,7,483
182,41,8,228
182,41,9,911
182,41,10,1933
182,41,11,28
182,41,12,13
182,41,13,1242
182,41,14,47
182,41,15,12
182,41,16,326
182,41,17,184
182,41,18,1298
182,41,19,52
182,41,20,380
182,41,21,235
182,41,22,3
182,41,23,10
182,41,24,97
182,41,25,465
182,41,26,10
182,41,27,182
182,41,28,31
183,41,1,573
183,41,2,2073
183,41,3,176
183,41,4,265
183,41,5,837
183,41,6,316
183,41,7,6804
183,41,8,372
183,41,9,5004
183,41,10,7419
183,41,11,435
183,41,12,9
183,41,13,4498
183,41,14,225
183,41,15,72
183,41,16,1177
183,41,17,731
183,41,18,5058
183,41,19,527
183,41,20,5085
183,41,21,3380
183,41,22,13
183,41,23,71
183,41,24,670
183,41,25,1490
183,41,26,78
183,41,27,1343
183,41,28,132
184,41,1,0
184,41,2,2
184,41,3,1
184,41,4,1
184,41,5,0
184,41,6,0
184,41,7,0
184,41,8,1
184,41,9,0
184,41,10,0
184,41,11,0
184,41,12,0
184,41,13,0
184,41,14,0
184,41,15,0
184,41,16,2
184,41,17,3
184,41,18,0
184,41,19,2
184,41,20,0
184,41,21,0
184,41,22,0
184,41,23,0
184,41,24,0
184,41,25,0
184,41,26,0
184,41,27,0
184,41,28,0
185,41,1,10
185,41,2,64
185,41,3,13
185,41,4,15
185,41,5,6
185,41,6,11
185,41,7,4
185,41,8,20
185,41,9,21
185,41,10,11
185,41,11,7
185,41,12,2
185,41,13,55
185,41,14,9
185,41,15,9
185,41,16,83
185,41,17,84
185,41,18,64
185,41,19,69
185,41,20,3
185,41,21,3
185,41,22,5
185,41,23,2
185,41,24,1
185,41,25,1
185,41,26,0
185,41,27,1
185,41,28,1
186,41,1,635
186,41,2,1847
186,41,3,152
186,41,4,419
186,41,5,256
186,41,6,256
186,41,7,38
186,41,8,203
186,41,9,327
186,41,10,77
186,41,11,158
186,41,12,18
186,41,13,11
186,41,14,197
186,41,15,318
186,41,16,980
186,41,17,2114
186,41,18,646
186,41,19,1439
186,41,20,22
186,41,21,37
186,41,22,13
186,41,23,28
186,41,24,0
186,41,25,2
186,41,26,1
186,41,27,12
186,41,28,3
187,41,1,3343
187,41,2,8485
187,41,3,332
187,41,4,2311
187,41,5,264
187,41,6,575
187,41,7,172
187,41,8,1604
187,41,9,4660
187,41,10,1166
187,41,11,98
187,41,12,338
187,41,13,1034
187,41,14,428
187,41,15,475
187,41,16,5484
187,41,17,4374
187,41,18,4356
187,41,19,4148
187,41,20,102
187,41,21,222
187,41,22,100
187,41,23,221
187,41,24,13
187,41,25,212
187,41,26,6
187,41,27,232
187,41,28,29
188,41,1,29822
188,41,2,71532
188,41,3,1949
188,41,4,20957
188,41,5,2889
188,41,6,1662
188,41,7,2559
188,41,8,18800
188,41,9,43066
188,41,10,18311
188,41,11,871
188,41,12,1659
188,41,13,9489
188,41,14,230
188,41,15,8433
188,41,16,64629
188,41,17,34839
188,41,18,38961
188,41,19,43299
188,41,20,1604
188,41,21,3590
188,41,22,480
188,41,23,1131
188,41,24,477
188,41,25,3220
188,41,26,133
188,41,27,3831
188,41,28,301
189,41,1,2415
189,41,2,5502
189,41,3,1035
189,41,4,1616
189,41,5,603
189,41,6,592
189,41,7,1007
189,41,8,1657
189,41,9,1414
189,41,10,3554
189,41,11,122
189,41,12,859
189,41,13,52
189,41,14,221
189,41,15,243
189,41,16,3134
189,41,17,1220
189,41,18,2456
189,41,19,2533
189,41,20,795
189,41,21,618
189,41,22,123
189,41,23,38
189,41,24,13
189,41,25,643
189,41,26,29
189,41,27,700
189,41,28,13
190,41,1,1
190,41,2,15
190,41,3,3
190,41,4,4
190,41,5,2
190,41,6,3
190,41,7,3
190,41,8,5
190,41,9,5
190,41,10,6
190,41,11,1
190,41,12,1
190,41,13,11
190,41,14,3
190,41,15,1
190,41,16,16
190,41,17,14
190,41,18,13
190,41,19,10
190,41,20,2
190,41,21,1
190,41,22,1
190,41,23,0
190,41,24,0
190,41,25,1
190,41,26,0
190,41,27,0
190,41,28,0
191,41,1,1246
191,41,2,9524
191,41,3,2110
191,41,4,831
191,41,5,8596
191,41,6,130
191,41,7,18850
191,41,8,964
191,41,9,21429
191,41,10,27738
191,41,11,57490
191,41,12,30
191,41,13,22960
191,41,14,1004
191,41,15,132
191,41,16,3862
191,41,17,5244
191,41,18,24132
191,41,19,1681
191,41,20,13995
191,41,21,10859
191,41,22,263
191,41,23,416
191,41,24,2229
191,41,25,7258
191,41,26,344
191,41,27,3394
191,41,28,224
192,41,1,58375
192,41,2,196085
192,41,3,12031
192,41,4,59317
192,41,5,28846
192,41,6,20619
192,41,7,116
192,41,8,16621
192,41,9,3494
192,41,10,636
192,41,11,5138
192,41,12,20923
192,41,13,8877
192,41,14,7422
192,41,15,9493
192,41,16,112302
192,41,17,47460
192,41,18,66752
192,41,19,84409
192,41,20,84
192,41,21,226
192,41,22,3684
192,41,23,1860
192,41,24,0
192,41,25,102
192,41,26,6
192,41,27,143
192,41,28,29
193,41,1,604
193,41,2,1116
193,41,3,46
193,41,4,232
193,41,5,164
193,41,6,20
193,41,7,15
193,41,8,148
193,41,9,287
193,41,10,46
193,41,11,18
193,41,12,6
193,41,13,3
193,41,14,3
193,41,15,170
193,41,16,522
193,41,17,648
193,41,18,602
193,41,19,911
193,41,20,4
193,41,21,12
193,41,22,43
193,41,23,48
193,41,24,1
193,41,25,9
193,41,26,0
193,41,27,5
193,41,28,2
194,41,1,42087
194,41,2,185925
194,41,3,10826
194,41,4,36979
194,41,5,8794
194,41,6,16964
194,41,7,8
194,41,8,15861
194,41,9,2618
194,41,10,227
194,41,11,3028
194,41,12,23103
194,41,13,80
194,41,14,11557
194,41,15,19908
194,41,16,181329
194,41,17,73941
194,41,18,42075
194,41,19,63547
194,41,20,1
194,41,21,403
194,41,22,1721
194,41,23,2796
194,41,24,0
194,41,25,8
194,41,26,1
194,41,27,35
194,41,28,8
195,41,1,104185
195,41,2,503627
195,41,3,31621
195,41,4,103243
195,41,5,76480
195,41,6,42793
195,41,7,84
195,41,8,44434
195,41,9,17038
195,41,10,2894
195,41,11,28239
195,41,12,13563
195,41,13,365
195,41,14,24390
195,41,15,45873
195,41,16,515412
195,41,17,263408
195,41,18,103744
195,41,19,232155
195,41,20,85
195,41,21,788
195,41,22,24755
195,41,23,10793
195,41,24,0
195,41,25,40
195,41,26,11
195,41,27,201
195,41,28,60
196,41,1,17
196,41,2,133
196,41,3,12
196,41,4,30
196,41,5,33
196,41,6,7
196,41,7,1
196,41,8,10
196,41,9,19
196,41,10,4
196,41,11,12
196,41,12,1
196,41,13,3
196,41,14,12
196,41,15,11
196,41,16,51
196,41,17,88
196,41,18,20
196,41,19,93
196,41,20,0
196,41,21,1
196,41,22,3
196,41,23,3
196,41,24,0
196,41,25,0
196,41,26,0
196,41,27,0
196,41,28,0
197,41,1,902
197,41,2,5796
197,41,3,903
197,41,4,1446
197,41,5,1441
197,41,6,617
197,41,7,72
197,41,8,865
197,41,9,478
197,41,10,141
197,41,11,250
197,41,12,582
197,41,13,397
197,41,14,653
197,41,15,340
197,41,16,5321
197,41,17,1782
197,41,18,1297
197,41,19,2408
197,41,20,40
197,41,21,36
197,41,22,163
197,41,23,152
197,41,24,1
197,41,25,10
197,41,26,2
197,41,27,19
197,41,28,2
198,41,1,10576
198,41,2,24680
198,41,3,5346
198,41,4,8198
198,41,5,3245
198,41,6,3370
198,41,7,2584
198,41,8,3878
198,41,9,6576
198,41,10,12434
198,41,11,605
198,41,12,4097
198,41,13,9028
198,41,14,566
198,41,15,1352
198,41,16,9278
198,41,17,5990
198,41,18,19460
198,41,19,11230
198,41,20,2404
198,41,21,2087
198,41,22,587
198,41,23,228
198,41,24,67
198,41,25,2580
198,41,26,93
198,41,27,2720
198,41,28,54
199,41,1,13
199,41,2,199
199,41,3,30
199,41,4,34
199,41,5,24
199,41,6,16
199,41,7,52
199,41,8,24
199,41,9,62
199,41,10,49
199,41,11,7
199,41,12,5
199,41,13,182
199,41,14,23
199,41,15,6
199,41,16,118
199,41,17,93
199,41,18,195
199,41,19,84
199,41,20,39
199,41,21,20
199,41,22,6
199,41,23,3
199,41,24,4
199,41,25,9
199,41,26,0
199,41,27,7
199,41,28,1
200,41,1,4887
200,41,2,17254
200,41,3,2511
200,41,4,2386
200,41,5,4950
200,41,6,916
200,41,7,2604
200,41,8,1742
200,41,9,6305
200,41,10,3669
200,41,11,1620
200,41,12,1204
200,41,13,382
200,41,14,1709
200,41,15,356
200,41,16,10205
200,41,17,10200
200,41,18,5261
200,41,19,8160
200,41,20,1088
200,41,21,864
200,41,22,162
200,41,23,500
200,41,24,40
200,41,25,409
200,41,26,108
200,41,27,1178
200,41,28,61
201,41,1,10321
201,41,2,76607
201,41,3,21521
201,41,4,5397
201,41,5,5235
201,41,6,9321
201,41,7,6475
201,41,8,12334
201,41,9,26066
201,41,10,15393
201,41,11,2587
201,41,12,2762
201,41,13,62611
201,41,14,6969
201,41,15,2135
201,41,16,50140
201,41,17,35203
201,41,18,72704
201,41,19,6323
201,41,20,5072
201,41,21,4368
201,41,22,2603
201,41,23,3613
201,41,24,788
201,41,25,5086
201,41,26,54
201,41,27,2818
201,41,28,157
202,41,1,2222
202,41,2,12888
202,41,3,559
202,41,4,3938
202,41,5,920
202,41,6,1716
202,41,7,16444
202,41,8,3386
202,41,9,24346
202,41,10,28120
202,41,11,179
202,41,12,1694
202,41,13,19060
202,41,14,1655
202,41,15,1368
202,41,16,8575
202,41,17,3522
202,41,18,21222
202,41,19,3179
202,41,20,12811
202,41,21,7157
202,41,22,108
202,41,23,408
202,41,24,2665
202,41,25,7606
202,41,26,515
202,41,27,6333
202,41,28,475
203,41,1,1087
203,41,2,4133
203,41,3,1091
203,41,4,332
203,41,5,3631
203,41,6,902
203,41,7,10398
203,41,8,987
203,41,9,8067
203,41,10,17827
203,41,11,9740
203,41,12,201
203,41,13,12022
203,41,14,533
203,41,15,126
203,41,16,2873
203,41,17,2566
203,41,18,13084
203,41,19,1550
203,41,20,7680
203,41,21,7028
203,41,22,119
203,41,23,194
203,41,24,1326
203,41,25,5137
203,41,26,142
203,41,27,2615
203,41,28,238
204,41,1,1290
204,41,2,5724
204,41,3,563
204,41,4,659
204,41,5,3011
204,41,6,946
204,41,7,2933
204,41,8,969
204,41,9,6770
204,41,10,5747
204,41,11,8824
204,41,12,37
204,41,13,7653
204,41,14,669
204,41,15,143
204,41,16,5448
204,41,17,3340
204,41,18,8931
204,41,19,2397
204,41,20,1992
204,41,21,2725
204,41,22,356
204,41,23,279
204,41,24,486
204,41,25,1119
204,41,26,22
204,41,27,951
204,41,28,171
